AirportID,Name,City,Country,IATA,ICAO,Latitude,Longitude,Altitude,Timezone,DST,TZ_database,Type,Source
209,Soummam Airport,Bejaja,Algeria,BJA,DAAE,36.7120018005,5.0699200630200005,20,1.0,N,Africa/Algiers,airport,OurAirports
210,Houari Boumediene Airport,Algier,Algeria,ALG,DAAG,36.69100189208984,3.215409994125366,82,1.0,N,Africa/Algiers,airport,OurAirports
211,Djanet Inedbirene Airport,Djanet,Algeria,DJG,DAAJ,24.292801,9.45244,3176,1.0,N,Africa/Algiers,airport,OurAirports
216,Aguenar – Hadj Bey Akhamok Airport,Tamanrasset,Algeria,TMR,DAAT,22.8115005493,5.45107984543,4518,1.0,N,Africa/Algiers,airport,OurAirports
218,Mecheria Airport,Mecheria,Algeria,MZW,DAAY,33.535900116,-0.242353007197,3855,1.0,N,Africa/Algiers,airport,OurAirports
220,Rabah Bitat Airport,Annaba,Algeria,AAE,DABB,36.822201,7.809174,16,1.0,N,Africa/Algiers,airport,OurAirports
221,Mohamed Boudiaf International Airport,Constantine,Algeria,CZL,DABC,36.2760009765625,6.620389938354492,2265,1.0,N,Africa/Algiers,airport,OurAirports
222,Cheikh Larbi Tébessi Airport,Tebessa,Algeria,TEE,DABS,35.4315986633,8.12071990967,2661,1.0,N,Africa/Algiers,airport,OurAirports
224,Hassi R'Mel Airport,Tilrempt,Algeria,HRM,DAFH,32.93040084838867,3.311539888381958,2540,1.0,N,Africa/Algiers,airport,OurAirports
225,Bou Chekif Airport,Tiaret,Algeria,TID,DAOB,35.3410987854,1.46315002441,3245,1.0,N,Africa/Algiers,airport,OurAirports
228,Ech Cheliff Airport,Ech-cheliff,Algeria,CFK,DAOI,36.2126998901,1.33176994324,463,1.0,N,Africa/Algiers,airport,OurAirports
230,Zenata – Messali El Hadj Airport,Tlemcen,Algeria,TLM,DAON,35.0167007446,-1.45000004768,814,1.0,N,Africa/Algiers,airport,OurAirports
231,Es Senia Airport,Oran,Algeria,ORN,DAOO,35.6239013672,-0.6211829781529999,295,1.0,N,Africa/Algiers,airport,OurAirports
233,Ghriss Airport,Ghriss,Algeria,MUW,DAOV,35.207698822021484,0.1471419930458068,1686,1.0,N,Africa/Algiers,airport,OurAirports
234,Touat Cheikh Sidi Mohamed Belkebir Airport,Adrar,Algeria,AZR,DAUA,27.83760070800781,-0.1864140033721923,919,1.0,N,Africa/Algiers,airport,OurAirports
235,Biskra Airport,Biskra,Algeria,BSK,DAUB,34.7933006287,5.73823022842,289,1.0,N,Africa/Algiers,airport,OurAirports
236,El Golea Airport,El Golea,Algeria,ELG,DAUE,30.5713005065918,2.8595900535583496,1306,1.0,N,Africa/Algiers,airport,OurAirports
237,Noumérat - Moufdi Zakaria Airport,Ghardaia,Algeria,GHA,DAUG,32.38410186767578,3.794110059738159,1512,1.0,N,Africa/Algiers,airport,OurAirports
238,Oued Irara Airport,Hassi Messaoud,Algeria,HME,DAUH,31.6730003357,6.140439987180001,463,1.0,N,Africa/Algiers,airport,OurAirports
239,In Salah Airport,In Salah,Algeria,INZ,DAUI,27.2509994507,2.51202011108,896,1.0,N,Africa/Algiers,airport,OurAirports
240,Touggourt Sidi Madhi Airport,Touggourt,Algeria,TGR,DAUK,33.06779861450195,6.088669776916504,279,1.0,N,Africa/Algiers,airport,OurAirports
243,Ain el Beida Airport,Ouargla,Algeria,OGX,DAUU,31.917200088500977,5.412779808044434,492,1.0,N,Africa/Algiers,airport,OurAirports
244,In Aménas Airport,Zarzaitine,Algeria,IAM,DAUZ,28.0515,9.64291,1847,1.0,N,Africa/Algiers,airport,OurAirports
245,Cadjehoun Airport,Cotonou,Benin,COO,DBBB,6.357230186462402,2.384350061416626,19,1.0,N,Africa/Porto-Novo,airport,OurAirports
246,Ouagadougou Airport,Ouagadougou,Burkina Faso,OUA,DFFD,12.3532,-1.51242,1037,0.0,N,Africa/Ouagadougou,airport,OurAirports
247,Bobo Dioulasso Airport,Bobo-dioulasso,Burkina Faso,BOY,DFOO,11.160099983215332,-4.33096981048584,1511,0.0,N,Africa/Ouagadougou,airport,OurAirports
248,Kotoka International Airport,Accra,Ghana,ACC,DGAA,5.605189800262451,-0.1667860001325607,205,0.0,N,Africa/Accra,airport,OurAirports
249,Tamale Airport,Tamale,Ghana,TML,DGLE,9.55718994140625,-0.8632140159606934,553,0.0,N,Africa/Accra,airport,OurAirports
251,Sunyani Airport,Sunyani,Ghana,NYI,DGSN,7.361830234527588,-2.3287599086761475,1014,0.0,N,Africa/Accra,airport,OurAirports
252,Takoradi Airport,Takoradi,Ghana,TKD,DGTK,4.896059989929199,-1.7747600078582764,21,0.0,N,Africa/Accra,airport,OurAirports
253,Port Bouet Airport,Abidjan,Cote d'Ivoire,ABJ,DIAP,5.261390209197998,-3.9262900352478023,21,0.0,N,Africa/Abidjan,airport,OurAirports
260,Nnamdi Azikiwe International Airport,Abuja,Nigeria,ABV,DNAA,9.006790161132812,7.263169765472412,1123,1.0,N,Africa/Lagos,airport,OurAirports
262,Benin Airport,Benin,Nigeria,BNI,DNBE,6.316979885101318,5.599500179290772,258,1.0,N,Africa/Lagos,airport,OurAirports
263,Margaret Ekpo International Airport,Calabar,Nigeria,CBQ,DNCA,4.976019859313965,8.347200393676758,210,1.0,N,Africa/Lagos,airport,OurAirports
264,Akanu Ibiam International Airport,Enugu,Nigeria,ENU,DNEN,6.474269866943359,7.561960220336914,466,1.0,N,Africa/Lagos,airport,OurAirports
266,Ibadan Airport,Ibadan,Nigeria,IBA,DNIB,7.362460136413574,3.97832989692688,725,1.0,N,Africa/Lagos,airport,OurAirports
267,Ilorin International Airport,Ilorin,Nigeria,ILR,DNIL,8.440210342407227,4.493919849395752,1126,1.0,N,Africa/Lagos,airport,OurAirports
268,Yakubu Gowon Airport,Jos,Nigeria,JOS,DNJO,9.639829635620115,8.869050025939941,4232,1.0,N,Africa/Lagos,airport,OurAirports
269,Kaduna Airport,Kaduna,Nigeria,KAD,DNKA,10.696000099182127,7.320109844207764,2073,1.0,N,Africa/Lagos,airport,OurAirports
270,Mallam Aminu International Airport,Kano,Nigeria,KAN,DNKN,12.0476,8.52462,1562,1.0,N,Africa/Lagos,airport,OurAirports
273,Murtala Muhammed International Airport,Lagos,Nigeria,LOS,DNMM,6.5773701667785645,3.321160078048706,135,1.0,N,Africa/Lagos,airport,OurAirports
275,Port Harcourt International Airport,Port Hartcourt,Nigeria,PHC,DNPO,5.0154900550842285,6.94959020614624,87,1.0,N,Africa/Lagos,airport,OurAirports
276,Sadiq Abubakar III International Airport,Sokoto,Nigeria,SKO,DNSO,12.916299819946287,5.207190036773682,1010,1.0,N,Africa/Lagos,airport,OurAirports
277,Yola Airport,Yola,Nigeria,YOL,DNYO,9.257550239562988,12.430399894714355,599,1.0,N,Africa/Lagos,airport,OurAirports
280,Diori Hamani International Airport,Niamey,Niger,NIM,DRRN,13.4815,2.18361,732,1.0,N,Africa/Niamey,airport,OurAirports
286,Monastir Habib Bourguiba International Airport,Monastir,Tunisia,MIR,DTMB,35.75809860229492,10.75469970703125,9,1.0,E,Africa/Tunis,airport,OurAirports
287,Tunis Carthage International Airport,Tunis,Tunisia,TUN,DTTA,36.85100173950195,10.22719955444336,22,1.0,E,Africa/Tunis,airport,OurAirports
290,Gafsa Ksar International Airport,Gafsa,Tunisia,GAF,DTTF,34.422000885009766,8.822500228881836,1060,1.0,E,Africa/Tunis,airport,OurAirports
291,Gabès Matmata International Airport,Gabes,Tunisia,GAE,DTTG,33.87689971923828,10.103300094604492,26,1.0,E,Africa/Tunis,airport,OurAirports
293,Djerba Zarzis International Airport,Djerba,Tunisia,DJE,DTTJ,33.875,10.775500297546388,19,1.0,E,Africa/Tunis,airport,OurAirports
295,Sfax Thyna International Airport,Sfax,Tunisia,SFA,DTTX,34.71799850463867,10.690999984741213,85,1.0,E,Africa/Tunis,airport,OurAirports
296,Tozeur Nefta International Airport,Tozeur,Tunisia,TOE,DTTZ,33.939701080322266,8.110560417175293,287,1.0,E,Africa/Tunis,airport,OurAirports
298,Lomé-Tokoin Airport,Lome,Togo,LFW,DXXX,6.165609836578369,1.2545100450515747,72,0.0,N,Africa/Lome,airport,OurAirports
299,Antwerp International Airport (Deurne),Antwerp,Belgium,ANR,EBAW,51.1893997192,4.46027994156,39,1.0,E,Europe/Brussels,airport,OurAirports
302,Brussels Airport,Brussels,Belgium,BRU,EBBR,50.9014015198,4.48443984985,184,1.0,E,Europe/Brussels,airport,OurAirports
304,Brussels South Charleroi Airport,Charleroi,Belgium,CRL,EBCI,50.459202,4.45382,614,1.0,E,Europe/Brussels,airport,OurAirports
309,Liège Airport,Liege,Belgium,LGG,EBLG,50.63740158081055,5.443220138549805,659,1.0,E,Europe/Brussels,airport,OurAirports
310,Ostend-Bruges International Airport,Ostend,Belgium,OST,EBOS,51.1988983154,2.8622200489,13,1.0,E,Europe/Brussels,airport,OurAirports
337,Berlin-Schönefeld Airport,Berlin,Germany,SXF,EDDB,52.380001,13.5225,157,1.0,E,Europe/Berlin,airport,OurAirports
338,Dresden Airport,Dresden,Germany,DRS,EDDC,51.1328010559082,13.767200469970703,755,1.0,E,Europe/Berlin,airport,OurAirports
339,Erfurt Airport,Erfurt,Germany,ERF,EDDE,50.97980117797852,10.958100318908691,1036,1.0,E,Europe/Berlin,airport,OurAirports
340,Frankfurt am Main Airport,Frankfurt,Germany,FRA,EDDF,50.033333,8.570556,364,1.0,E,Europe/Berlin,airport,OurAirports
341,Münster Osnabrück Airport,Munster,Germany,FMO,EDDG,52.134601593,7.68483018875,160,1.0,E,Europe/Berlin,airport,OurAirports
342,Hamburg Airport,Hamburg,Germany,HAM,EDDH,53.630401611328,9.9882297515869,53,1.0,E,Europe/Berlin,airport,OurAirports
344,Cologne Bonn Airport,Cologne,Germany,CGN,EDDK,50.8658981323,7.1427397728,302,1.0,E,Europe/Berlin,airport,OurAirports
345,Düsseldorf Airport,Duesseldorf,Germany,DUS,EDDL,51.289501,6.76678,147,1.0,E,Europe/Berlin,airport,OurAirports
346,Munich Airport,Munich,Germany,MUC,EDDM,48.353802,11.7861,1487,1.0,E,Europe/Berlin,airport,OurAirports
347,Nuremberg Airport,Nuernberg,Germany,NUE,EDDN,49.498699,11.078056,1046,1.0,E,Europe/Berlin,airport,OurAirports
348,Leipzig/Halle Airport,Leipzig,Germany,LEJ,EDDP,51.423889,12.236389,465,1.0,E,Europe/Berlin,airport,OurAirports
349,Saarbrücken Airport,Saarbruecken,Germany,SCN,EDDR,49.2145996094,7.10950994492,1058,1.0,E,Europe/Berlin,airport,OurAirports
350,Stuttgart Airport,Stuttgart,Germany,STR,EDDS,48.6898994446,9.22196006775,1276,1.0,E,Europe/Berlin,airport,OurAirports
351,Berlin-Tegel Airport,Berlin,Germany,TXL,EDDT,52.5597,13.2877,122,1.0,E,Europe/Berlin,airport,OurAirports
352,Hannover Airport,Hannover,Germany,HAJ,EDDV,52.461101532,9.68507957458,183,1.0,E,Europe/Berlin,airport,OurAirports
353,Bremen Airport,Bremen,Germany,BRE,EDDW,53.0475006104,8.78666973114,14,1.0,E,Europe/Berlin,airport,OurAirports
355,Frankfurt-Hahn Airport,Hahn,Germany,HHN,EDFH,49.9487,7.26389,1649,1.0,E,Europe/Berlin,airport,OurAirports
356,Mannheim-City Airport,Mannheim,Germany,MHG,EDFM,49.473057,8.514167,308,1.0,E,Europe/Berlin,airport,OurAirports
362,Hamburg-Finkenwerder Airport,Hamburg,Germany,XFW,EDHI,53.5352783203125,9.835556030273438,23,1.0,E,Europe/Berlin,airport,OurAirports
364,Lübeck Blankensee Airport,Luebeck,Germany,LBC,EDHL,53.8054008484,10.7192001343,53,1.0,E,Europe/Berlin,airport,OurAirports
371,Paderborn Lippstadt Airport,Paderborn,Germany,PAD,EDLP,51.6141014099,8.616319656369999,699,1.0,E,Europe/Berlin,airport,OurAirports
373,Dortmund Airport,Dortmund,Germany,DTM,EDLW,51.51829910279999,7.61223983765,425,1.0,E,Europe/Berlin,airport,OurAirports
374,Augsburg Airport,Augsburg,Germany,AGB,EDMA,48.425278,10.931667,1516,1.0,E,Europe/Berlin,airport,OurAirports
382,Friedrichshafen Airport,Friedrichshafen,Germany,FDH,EDNY,47.6712989807,9.51148986816,1367,1.0,E,Europe/Berlin,airport,OurAirports
393,Zweibrücken Airport,Zweibruecken,Germany,ZQW,EDRZ,49.2094,7.40056,1132,1.0,E,Europe/Berlin,airport,OurAirports
400,Kassel-Calden Airport,Kassel,Germany,KSF,EDVK,51.417273,9.384967,820,1.0,E,Europe/Berlin,airport,OurAirports
410,Westerland Sylt Airport,Westerland,Germany,GWT,EDXW,54.9132003784,8.34047031403,51,1.0,E,Europe/Berlin,airport,OurAirports
413,Kuressaare Airport,Kuressaare,Estonia,URE,EEKE,58.22990036010742,22.50950050354004,14,2.0,E,Europe/Tallinn,airport,OurAirports
415,Lennart Meri Tallinn Airport,Tallinn-ulemiste International,Estonia,TLL,EETN,59.41329956049999,24.8327999115,131,2.0,E,Europe/Tallinn,airport,OurAirports
416,Tartu Airport,Tartu,Estonia,TAY,EETU,58.3074989319,26.690399169900004,219,2.0,E,Europe/Tallinn,airport,OurAirports
421,Helsinki Vantaa Airport,Helsinki,Finland,HEL,EFHK,60.317199707031,24.963300704956,179,2.0,E,Europe/Helsinki,airport,OurAirports
428,Ivalo Airport,Ivalo,Finland,IVL,EFIV,68.607299804688,27.405300140381,481,2.0,E,Europe/Helsinki,airport,OurAirports
429,Joensuu Airport,Joensuu,Finland,JOE,EFJO,62.662899017334,29.607500076294,398,2.0,E,Europe/Helsinki,airport,OurAirports
430,Jyvaskyla Airport,Jyvaskyla,Finland,JYV,EFJY,62.399501800537,25.678300857544,459,2.0,E,Europe/Helsinki,airport,OurAirports
432,Kemi-Tornio Airport,Kemi,Finland,KEM,EFKE,65.778701782227,24.582099914551,61,2.0,E,Europe/Helsinki,airport,OurAirports
433,Kajaani Airport,Kajaani,Finland,KAJ,EFKI,64.285499572754,27.692399978638,483,2.0,E,Europe/Helsinki,airport,OurAirports
435,Kokkola-Pietarsaari Airport,Kruunupyy,Finland,KOK,EFKK,63.721199035645,23.143100738525,84,2.0,E,Europe/Helsinki,airport,OurAirports
437,Kuusamo Airport,Kuusamo,Finland,KAO,EFKS,65.987602233887,29.239400863647,866,2.0,E,Europe/Helsinki,airport,OurAirports
438,Kittilä Airport,Kittila,Finland,KTT,EFKT,67.700996398926,24.846799850464,644,2.0,E,Europe/Helsinki,airport,OurAirports
439,Kuopio Airport,Kuopio,Finland,KUO,EFKU,63.007099151611,27.797800064087,323,2.0,E,Europe/Helsinki,airport,OurAirports
441,Lappeenranta Airport,Lappeenranta,Finland,LPP,EFLP,61.044601,28.144743,349,2.0,E,Europe/Helsinki,airport,OurAirports
442,Mariehamn Airport,Mariehamn,Finland,MHQ,EFMA,60.122200012207,19.898199081421,17,2.0,E,Europe/Mariehamn,airport,OurAirports
446,Oulu Airport,Oulu,Finland,OUL,EFOU,64.930099487305,25.354600906372,47,2.0,E,Europe/Helsinki,airport,OurAirports
448,Pori Airport,Pori,Finland,POR,EFPO,61.461700439453,21.799999237061,44,2.0,E,Europe/Helsinki,airport,OurAirports
453,Rovaniemi Airport,Rovaniemi,Finland,RVN,EFRO,66.564796447754,25.830400466919,642,2.0,E,Europe/Helsinki,airport,OurAirports
455,Savonlinna Airport,Savonlinna,Finland,SVL,EFSA,61.943099975586,28.945100784302,311,2.0,E,Europe/Helsinki,airport,OurAirports
458,Tampere-Pirkkala Airport,Tampere,Finland,TMP,EFTP,61.414100646973,23.604400634766,390,2.0,E,Europe/Helsinki,airport,OurAirports
460,Turku Airport,Turku,Finland,TKU,EFTU,60.514099121094,22.262800216675,161,2.0,E,Europe/Helsinki,airport,OurAirports
462,Vaasa Airport,Vaasa,Finland,VAA,EFVA,63.050701141357,21.762199401855,19,2.0,E,Europe/Helsinki,airport,OurAirports
465,Belfast International Airport,Belfast,United Kingdom,BFS,EGAA,54.6575012207,-6.21582984924,268,0.0,E,Europe/London,airport,OurAirports
467,George Best Belfast City Airport,Belfast,United Kingdom,BHD,EGAC,54.61809921264648,-5.872499942779541,15,0.0,E,Europe/London,airport,OurAirports
468,City of Derry Airport,Londonderry,United Kingdom,LDY,EGAE,55.04280090332031,-7.161109924316406,22,0.0,E,Europe/London,airport,OurAirports
469,Birmingham International Airport,Birmingham,United Kingdom,BHX,EGBB,52.4538993835,-1.74802994728,327,0.0,E,Europe/London,airport,OurAirports
472,Gloucestershire Airport,Golouchestershire,United Kingdom,GLO,EGBJ,51.89419937133789,-2.167220115661621,101,0.0,E,Europe/London,airport,OurAirports
478,Manchester Airport,Manchester,United Kingdom,MAN,EGCC,53.35369873046875,-2.2749500274658203,257,0.0,E,Europe/London,airport,OurAirports
481,Newquay Cornwall Airport,Newquai,United Kingdom,NQY,EGHQ,50.44060134887695,-4.995409965515137,390,0.0,E,Europe/London,airport,OurAirports
488,Cardiff International Airport,Cardiff,United Kingdom,CWL,EGFF,51.39670181274414,-3.343329906463623,220,0.0,E,Europe/London,airport,OurAirports
490,Bristol Airport,Bristol,United Kingdom,BRS,EGGD,51.382702,-2.71909,622,0.0,E,Europe/London,airport,OurAirports
491,Liverpool John Lennon Airport,Liverpool,United Kingdom,LPL,EGGP,53.33359909057617,-2.849720001220703,80,0.0,E,Europe/London,airport,OurAirports
492,London Luton Airport,London,United Kingdom,LTN,EGGW,51.874698638916016,-0.3683330118656158,526,0.0,E,Europe/London,airport,OurAirports
494,Bournemouth Airport,Bournemouth,United Kingdom,BOH,EGHH,50.77999877929688,-1.8424999713897705,38,0.0,E,Europe/London,airport,OurAirports
495,Southampton Airport,Southampton,United Kingdom,SOU,EGHI,50.95029830932617,-1.3567999601364136,44,0.0,E,Europe/London,airport,OurAirports
497,Alderney Airport,Alderney,Guernsey,ACI,EGJA,49.706104,-2.21472,290,0.0,E,Europe/Guernsey,airport,OurAirports
498,Guernsey Airport,Guernsey,Guernsey,GCI,EGJB,49.435001373291016,-2.601969957351685,336,0.0,E,Europe/Guernsey,airport,OurAirports
499,Jersey Airport,Jersey,Jersey,JER,EGJJ,49.20790100097656,-2.195509910583496,277,0.0,E,Europe/Jersey,airport,OurAirports
502,London Gatwick Airport,London,United Kingdom,LGW,EGKK,51.148102,-0.190278,202,0.0,E,Europe/London,airport,OurAirports
503,London City Airport,London,United Kingdom,LCY,EGLC,51.505299,0.055278,19,0.0,E,Europe/London,airport,OurAirports
507,London Heathrow Airport,London,United Kingdom,LHR,EGLL,51.4706,-0.461941,83,0.0,E,Europe/London,airport,OurAirports
508,Southend Airport,Southend,United Kingdom,SEN,EGMC,51.5713996887207,0.6955559849739075,49,0.0,E,Europe/London,airport,OurAirports
514,Blackpool International Airport,Blackpool,United Kingdom,BLK,EGNH,53.77170181274414,-3.0286099910736084,34,0.0,E,Europe/London,airport,OurAirports
515,Humberside Airport,Humberside,United Kingdom,HUY,EGNJ,53.57440185546875,-0.350832998752594,121,0.0,E,Europe/London,airport,OurAirports
517,Leeds Bradford Airport,Leeds,United Kingdom,LBA,EGNM,53.86589813232422,-1.6605700254440308,681,0.0,E,Europe/London,airport,OurAirports
519,Hawarden Airport,Hawarden,United Kingdom,CEG,EGNR,53.1781005859375,-2.977780103683472,45,0.0,E,Europe/London,airport,OurAirports
520,Isle of Man Airport,Isle Of Man,Isle of Man,IOM,EGNS,54.08330154418945,-4.623889923095703,52,0.0,E,Europe/Isle_of_Man,airport,OurAirports
521,Newcastle Airport,Newcastle,United Kingdom,NCL,EGNT,55.03749847412109,-1.6916699409484863,266,0.0,E,Europe/London,airport,OurAirports
522,Durham Tees Valley Airport,Teesside,United Kingdom,MME,EGNV,54.50920104980469,-1.4294099807739258,120,0.0,E,Europe/London,airport,OurAirports
523,East Midlands Airport,East Midlands,United Kingdom,EMA,EGNX,52.8311004639,-1.32806003094,306,0.0,E,Europe/London,airport,OurAirports
529,Kirkwall Airport,Kirkwall,United Kingdom,KOI,EGPA,58.957801818847656,-2.9049999713897705,50,0.0,E,Europe/London,airport,OurAirports
530,Sumburgh Airport,Sumburgh,United Kingdom,LSI,EGPB,59.87889862060547,-1.295560002326965,20,0.0,E,Europe/London,airport,OurAirports
531,Wick Airport,Wick,United Kingdom,WIC,EGPC,58.45890045166016,-3.09306001663208,126,0.0,E,Europe/London,airport,OurAirports
532,Aberdeen Dyce Airport,Aberdeen,United Kingdom,ABZ,EGPD,57.20190048217773,-2.197779893875122,215,0.0,E,Europe/London,airport,OurAirports
533,Inverness Airport,Inverness,United Kingdom,INV,EGPE,57.54249954223633,-4.047500133514404,31,0.0,E,Europe/London,airport,OurAirports
534,Glasgow International Airport,Glasgow,United Kingdom,GLA,EGPF,55.8718986511,-4.43306016922,26,0.0,E,Europe/London,airport,OurAirports
535,Edinburgh Airport,Edinburgh,United Kingdom,EDI,EGPH,55.95000076293945,-3.372499942779541,135,0.0,E,Europe/London,airport,OurAirports
536,Islay Airport,Islay,United Kingdom,ILY,EGPI,55.68190002441406,-6.256669998168945,56,0.0,E,Europe/London,airport,OurAirports
537,Glasgow Prestwick Airport,Prestwick,United Kingdom,PIK,EGPK,55.5093994140625,-4.586669921875,65,0.0,E,Europe/London,airport,OurAirports
538,Benbecula Airport,Benbecula,United Kingdom,BEB,EGPL,57.48109817504883,-7.362780094146728,19,0.0,E,Europe/London,airport,OurAirports
540,Dundee Airport,Dundee,United Kingdom,DND,EGPN,56.45249938964844,-3.025830030441284,17,0.0,E,Europe/London,airport,OurAirports
541,Stornoway Airport,Stornoway,United Kingdom,SYY,EGPO,58.215599060058594,-6.331110000610352,26,0.0,E,Europe/London,airport,OurAirports
542,Tiree Airport,Tiree,United Kingdom,TRE,EGPU,56.49919891357422,-6.869170188903809,38,0.0,E,Europe/London,airport,OurAirports
547,Norwich International Airport,Norwich,United Kingdom,NWI,EGSH,52.6758003235,1.28278005123,117,0.0,E,Europe/London,airport,OurAirports
548,London Stansted Airport,London,United Kingdom,STN,EGSS,51.8849983215,0.234999999404,348,0.0,E,Europe/London,airport,OurAirports
552,Exeter International Airport,Exeter,United Kingdom,EXT,EGTE,50.73440170288086,-3.4138898849487305,102,0.0,E,Europe/London,airport,OurAirports
580,Amsterdam Airport Schiphol,Amsterdam,Netherlands,AMS,EHAM,52.308601,4.76389,-11,1.0,E,Europe/Amsterdam,airport,OurAirports
582,Maastricht Aachen Airport,Maastricht,Netherlands,MST,EHBK,50.911701,5.77014,375,1.0,E,Europe/Amsterdam,airport,OurAirports
585,Eindhoven Airport,Eindhoven,Netherlands,EIN,EHEH,51.4500999451,5.37452983856,74,1.0,E,Europe/Amsterdam,airport,OurAirports
586,Eelde Airport,Groningen,Netherlands,GRQ,EHGG,53.1197013855,6.57944011688,17,1.0,E,Europe/Amsterdam,airport,OurAirports
591,Rotterdam The Hague Airport,Rotterdam,Netherlands,RTM,EHRD,51.956902,4.43722,-15,1.0,E,Europe/Amsterdam,airport,OurAirports
596,Cork Airport,Cork,Ireland,ORK,EICK,51.84130096435547,-8.491109848022461,502,0.0,E,Europe/Dublin,airport,OurAirports
599,Dublin Airport,Dublin,Ireland,DUB,EIDW,53.421299,-6.27007,242,0.0,E,Europe/Dublin,airport,OurAirports
600,Ireland West Knock Airport,Connaught,Ireland,NOC,EIKN,53.910301208496094,-8.818490028381348,665,0.0,E,Europe/Dublin,airport,OurAirports
601,Kerry Airport,Kerry,Ireland,KIR,EIKY,52.18090057373047,-9.52377986907959,112,0.0,E,Europe/Dublin,airport,OurAirports
603,Shannon Airport,Shannon,Ireland,SNN,EINN,52.702,-8.92482,46,0.0,E,Europe/Dublin,airport,OurAirports
605,Waterford Airport,Waterford,Ireland,WAT,EIWF,52.187198638916016,-7.086959838867188,119,0.0,E,Europe/Dublin,airport,OurAirports
607,Aarhus Airport,Aarhus,Denmark,AAR,EKAH,56.2999992371,10.619000434899998,82,1.0,E,Europe/Copenhagen,airport,OurAirports
608,Billund Airport,Billund,Denmark,BLL,EKBI,55.7402992249,9.15178012848,247,1.0,E,Europe/Copenhagen,airport,OurAirports
609,Copenhagen Kastrup Airport,Copenhagen,Denmark,CPH,EKCH,55.617900848389,12.656000137329,17,1.0,E,Europe/Copenhagen,airport,OurAirports
610,Esbjerg Airport,Esbjerg,Denmark,EBJ,EKEB,55.525902,8.5534,97,1.0,E,Europe/Copenhagen,airport,OurAirports
612,Karup Airport,Karup,Denmark,KRP,EKKA,56.29750061035156,9.124629974365234,170,1.0,E,Europe/Copenhagen,airport,OurAirports
618,Bornholm Airport,Ronne,Denmark,RNN,EKRN,55.06330108642578,14.759599685668944,52,1.0,E,Europe/Copenhagen,airport,OurAirports
619,Sønderborg Airport,Soenderborg,Denmark,SGD,EKSB,54.96440124511719,9.791729927062988,24,1.0,E,Europe/Copenhagen,airport,OurAirports
628,Aalborg Airport,Aalborg,Denmark,AAL,EKYT,57.0927589138,9.84924316406,10,1.0,E,Europe/Copenhagen,airport,OurAirports
629,Luxembourg-Findel International Airport,Luxemburg,Luxembourg,LUX,ELLX,49.6233333,6.2044444,1234,1.0,E,Europe/Luxembourg,airport,OurAirports
630,Ålesund Airport,Alesund,Norway,AES,ENAL,62.5625,6.119699954986572,69,1.0,E,Europe/Oslo,airport,OurAirports
631,Andøya Airport,Andoya,Norway,ANX,ENAN,69.292503356934,16.144199371338,43,1.0,E,Europe/Oslo,airport,OurAirports
632,Alta Airport,Alta,Norway,ALF,ENAT,69.976097106934,23.371700286865,9,1.0,E,Europe/Oslo,airport,OurAirports
634,Brønnøysund Airport,Bronnoysund,Norway,BNN,ENBN,65.461097717285,12.217499732971,25,1.0,E,Europe/Oslo,airport,OurAirports
635,Bodø Airport,Bodo,Norway,BOO,ENBO,67.26920318603516,14.365300178527832,42,1.0,E,Europe/Oslo,airport,OurAirports
636,Bergen Airport Flesland,Bergen,Norway,BGO,ENBR,60.29339981,5.218140125,170,1.0,E,Europe/Oslo,airport,OurAirports
637,Båtsfjord Airport,Batsfjord,Norway,BJF,ENBS,70.60050201416,29.691400527954,490,1.0,E,Europe/Oslo,airport,OurAirports
638,Kristiansand Airport,Kristiansand,Norway,KRS,ENCN,58.204201,8.08537,57,1.0,E,Europe/Oslo,airport,OurAirports
640,Bardufoss Airport,Bardufoss,Norway,BDU,ENDU,69.055801391602,18.540399551392,252,1.0,E,Europe/Oslo,airport,OurAirports
641,"Harstad/Narvik Airport, Evenes",Harstad/Narvik,Norway,EVE,ENEV,68.491302490234,16.678100585938,84,1.0,E,Europe/Oslo,airport,OurAirports
642,Leirin Airport,Fagernes,Norway,VDB,ENFG,61.015598297119,9.2880601882935,2697,1.0,E,Europe/Oslo,airport,OurAirports
643,Florø Airport,Floro,Norway,FRO,ENFL,61.583599090576,5.0247201919556,37,1.0,E,Europe/Oslo,airport,OurAirports
644,Oslo Lufthavn,Oslo,Norway,OSL,ENGM,60.121,11.0502,681,1.0,E,Europe/Oslo,airport,OurAirports
645,Haugesund Airport,Haugesund,Norway,HAU,ENHD,59.34529876709,5.2083601951599,86,1.0,E,Europe/Oslo,airport,OurAirports
646,Hasvik Airport,Hasvik,Norway,HAA,ENHK,70.486701965332,22.139699935913,21,1.0,E,Europe/Oslo,airport,OurAirports
647,Kristiansund Airport (Kvernberget),Kristiansund,Norway,KSU,ENKB,63.111801147461,7.824520111084,204,1.0,E,Europe/Oslo,airport,OurAirports
649,Kirkenes Airport (Høybuktmoen),Kirkenes,Norway,KKN,ENKR,69.725799560547,29.891300201416,283,1.0,E,Europe/Oslo,airport,OurAirports
651,Molde Airport,Molde,Norway,MOL,ENML,62.744701385498,7.2624998092651,10,1.0,E,Europe/Oslo,airport,OurAirports
652,Mosjøen Airport (Kjærstad),Mosjoen,Norway,MJF,ENMS,65.783996582031,13.214900016785,237,1.0,E,Europe/Oslo,airport,OurAirports
653,Banak Airport,Lakselv,Norway,LKL,ENNA,70.068801879883,24.973499298096,25,1.0,E,Europe/Oslo,airport,OurAirports
655,Ørland Airport,Orland,Norway,OLA,ENOL,63.69889831542969,9.604000091552734,28,1.0,E,Europe/Oslo,airport,OurAirports
656,Røros Airport,Roros,Norway,RRS,ENRO,62.578399658203,11.342300415039,2054,1.0,E,Europe/Oslo,airport,OurAirports
657,"Moss Airport, Rygge",Rygge,Norway,RYG,ENRY,59.378817,10.785439,174,1.0,E,Europe/Oslo,airport,OurAirports
659,Skien Airport,Skien,Norway,SKE,ENSN,59.185001373291016,9.566940307617188,463,1.0,E,Europe/Oslo,airport,OurAirports
660,Stord Airport,Stord,Norway,SRP,ENSO,59.791900634765625,5.340849876403809,160,1.0,E,Europe/Oslo,airport,OurAirports
662,Sandnessjøen Airport (Stokka),Sandnessjoen,Norway,SSJ,ENST,65.956802368164,12.468899726868,56,1.0,E,Europe/Oslo,airport,OurAirports
663,"Tromsø Airport,",Tromso,Norway,TOS,ENTC,69.68329620361328,18.91889953613281,31,1.0,E,Europe/Oslo,airport,OurAirports
664,"Sandefjord Airport, Torp",Sandefjord,Norway,TRF,ENTO,59.1866989136,10.258600235,286,1.0,E,Europe/Oslo,airport,OurAirports
665,Trondheim Airport Værnes,Trondheim,Norway,TRD,ENVA,63.4578018,10.9239998,56,1.0,E,Europe/Oslo,airport,OurAirports
666,Stavanger Airport Sola,Stavanger,Norway,SVG,ENZV,58.876701354,5.6377801895,29,1.0,E,Europe/Oslo,airport,OurAirports
668,Gdańsk Lech Wałęsa Airport,Gdansk,Poland,GDN,EPGD,54.37760162353516,18.46619987487793,489,1.0,E,Europe/Warsaw,airport,OurAirports
669,Kraków John Paul II International Airport,Krakow,Poland,KRK,EPKK,50.077702,19.7848,791,1.0,E,Europe/Warsaw,airport,OurAirports
671,Katowice International Airport,Katowice,Poland,KTW,EPKT,50.4743,19.08,995,1.0,E,Europe/Warsaw,airport,OurAirports
674,Poznań-Ławica Airport,Poznan,Poland,POZ,EPPO,52.4210014343,16.8262996674,308,1.0,E,Europe/Warsaw,airport,OurAirports
675,Rzeszów-Jasionka Airport,Rzeszow,Poland,RZE,EPRZ,50.1100006104,22.0189990997,675,1.0,E,Europe/Warsaw,airport,OurAirports
676,"Szczecin-Goleniów ""Solidarność"" Airport",Szczecin,Poland,SZZ,EPSC,53.584701538100006,14.9021997452,154,1.0,E,Europe/Warsaw,airport,OurAirports
679,Warsaw Chopin Airport,Warsaw,Poland,WAW,EPWA,52.1656990051,20.9671001434,362,1.0,E,Europe/Warsaw,airport,OurAirports
680,Copernicus Wrocław Airport,Wroclaw,Poland,WRO,EPWR,51.1026992798,16.885799408,404,1.0,E,Europe/Warsaw,airport,OurAirports
685,Ronneby Airport,Ronneby,Sweden,RNB,ESDF,56.266700744629,15.265000343323,191,1.0,E,Europe/Stockholm,airport,OurAirports
687,Gothenburg-Landvetter Airport,Gothenborg,Sweden,GOT,ESGG,57.662799835205,12.279800415039,506,1.0,E,Europe/Stockholm,airport,OurAirports
688,Jönköping Airport,Joenkoeping,Sweden,JKG,ESGJ,57.757598876953125,14.068699836730955,741,1.0,E,Europe/Stockholm,airport,OurAirports
691,Gothenburg City Airport,Gothenborg,Sweden,GSE,ESGP,57.7747,11.8704,59,1.0,E,Europe/Stockholm,airport,OurAirports
693,Trollhättan-Vänersborg Airport,Trollhattan,Sweden,THN,ESGT,58.31809997558594,12.345000267028809,137,1.0,E,Europe/Stockholm,airport,OurAirports
698,Mora Airport,Mora,Sweden,MXX,ESKM,60.957901,14.5114,634,1.0,E,Europe/Stockholm,airport,OurAirports
699,Stockholm Skavsta Airport,Stockholm,Sweden,NYO,ESKN,58.78860092163086,16.912200927734375,140,1.0,E,Europe/Stockholm,airport,OurAirports
703,Kristianstad Airport,Kristianstad,Sweden,KID,ESMK,55.92169952392578,14.08549976348877,76,1.0,E,Europe/Stockholm,airport,OurAirports
707,Kalmar Airport,Kalkmar,Sweden,KLR,ESMQ,56.68550109863281,16.287599563598633,17,1.0,E,Europe/Stockholm,airport,OurAirports
708,Malmö Sturup Airport,Malmoe,Sweden,MMX,ESMS,55.536305364,13.3761978149,236,1.0,E,Europe/Stockholm,airport,OurAirports
709,Halmstad Airport,Halmstad,Sweden,HAD,ESMT,56.69110107421875,12.820199966430664,101,1.0,E,Europe/Stockholm,airport,OurAirports
711,Växjö Kronoberg Airport,Vaxjo,Sweden,VXO,ESMX,56.92910003662109,14.727999687194824,610,1.0,E,Europe/Stockholm,airport,OurAirports
714,Sveg Airport,Sveg,Sweden,EVG,ESND,62.04779815673828,14.422900199890137,1178,1.0,E,Europe/Stockholm,airport,OurAirports
715,Gällivare Airport,Gallivare,Sweden,GEV,ESNG,67.13240051269531,20.814599990844727,1027,1.0,E,Europe/Stockholm,airport,OurAirports
718,Kramfors Sollefteå Airport,Kramfors,Sweden,KRF,ESNK,63.04859924316406,17.76889991760254,34,1.0,E,Europe/Stockholm,airport,OurAirports
719,Lycksele Airport,Lycksele,Sweden,LYC,ESNL,64.54830169677734,18.71619987487793,705,1.0,E,Europe/Stockholm,airport,OurAirports
721,Sundsvall-Härnösand Airport,Sundsvall,Sweden,SDL,ESNN,62.528099060058594,17.443899154663086,16,1.0,E,Europe/Stockholm,airport,OurAirports
722,Örnsköldsvik Airport,Ornskoldsvik,Sweden,OER,ESNO,63.40829849243164,18.989999771118164,354,1.0,E,Europe/Stockholm,airport,OurAirports
724,Kiruna Airport,Kiruna,Sweden,KRN,ESNQ,67.821998596191,20.336799621582,1508,1.0,E,Europe/Stockholm,airport,OurAirports
726,Skellefteå Airport,Skelleftea,Sweden,SFT,ESNS,64.62480163574219,21.07690048217773,157,1.0,E,Europe/Stockholm,airport,OurAirports
728,Umeå Airport,Umea,Sweden,UME,ESNU,63.791801452637,20.282800674438,24,1.0,E,Europe/Stockholm,airport,OurAirports
729,Vilhelmina Airport,Vilhelmina,Sweden,VHM,ESNV,64.5791015625,16.833599090576172,1140,1.0,E,Europe/Stockholm,airport,OurAirports
730,Arvidsjaur Airport,Arvidsjaur,Sweden,AJR,ESNX,65.59030151367188,19.28190040588379,1245,1.0,E,Europe/Stockholm,airport,OurAirports
731,Örebro Airport,Orebro,Sweden,ORB,ESOE,59.22370147705078,15.038000106811523,188,1.0,E,Europe/Stockholm,airport,OurAirports
733,Stockholm Västerås Airport,Vasteras,Sweden,VST,ESOW,59.58940124511719,16.63360023498535,21,1.0,E,Europe/Stockholm,airport,OurAirports
734,Luleå Airport,Lulea,Sweden,LLA,ESPA,65.543800354004,22.121999740601,65,1.0,E,Europe/Stockholm,airport,OurAirports
737,Stockholm-Arlanda Airport,Stockholm,Sweden,ARN,ESSA,59.651901245117,17.918600082397,137,1.0,E,Europe/Stockholm,airport,OurAirports
738,Stockholm-Bromma Airport,Stockholm,Sweden,BMA,ESSB,59.354400634765625,17.941699981689453,47,1.0,E,Europe/Stockholm,airport,OurAirports
739,Borlange Airport,Borlange,Sweden,BLE,ESSD,60.422000885009766,15.515199661254885,503,1.0,E,Europe/Stockholm,airport,OurAirports
742,Linköping City Airport,Linkoeping,Sweden,LPI,ESSL,58.4062004089,15.6805000305,172,1.0,E,Europe/Stockholm,airport,OurAirports
743,Norrköping Airport,Norrkoeping,Sweden,NRK,ESSP,58.58629989624024,16.250600814819336,32,1.0,E,Europe/Stockholm,airport,OurAirports
746,Visby Airport,Visby,Sweden,VBY,ESSV,57.662799835205,18.346200942993,164,1.0,E,Europe/Stockholm,airport,OurAirports
772,Rostock-Laage Airport,Laage,Germany,RLG,ETNL,53.9182014465,12.2783002853,138,1.0,E,Europe/Berlin,airport,OurAirports
794,Bram Fischer International Airport,Bloemfontein,South Africa,BFN,FABL,-29.0926990509,26.302400589,4458,2.0,U,Africa/Johannesburg,airport,OurAirports
797,Cape Town International Airport,Cape Town,South Africa,CPT,FACT,-33.9648017883,18.6016998291,151,2.0,U,Africa/Johannesburg,airport,OurAirports
799,King Shaka International Airport,Durban,South Africa,DUR,FALE,-29.6144444444,31.1197222222,295,2.0,U,Africa/Johannesburg,airport,OurAirports
800,Ben Schoeman Airport,East London,South Africa,ELS,FAEL,-33.0355987549,27.8258991241,435,2.0,U,Africa/Johannesburg,airport,OurAirports
804,George Airport,George,South Africa,GRJ,FAGG,-34.0056,22.378902,648,2.0,U,Africa/Johannesburg,airport,OurAirports
811,Hoedspruit Air Force Base Airport,Hoedspruit,South Africa,HDS,FAHS,-24.3686008453,31.0487003326,1743,2.0,U,Africa/Johannesburg,airport,OurAirports
813,OR Tambo International Airport,Johannesburg,South Africa,JNB,FAOR,-26.1392,28.246,5558,2.0,U,Africa/Johannesburg,airport,OurAirports
815,Kimberley Airport,Kimberley,South Africa,KIM,FAKM,-28.802799224900003,24.7651996613,3950,2.0,U,Africa/Johannesburg,airport,OurAirports
820,Lanseria Airport,Johannesburg,South Africa,HLA,FALA,-25.9384994507,27.9260997772,4517,2.0,U,Africa/Johannesburg,airport,OurAirports
827,Margate Airport,Margate,South Africa,MGH,FAMG,-30.8574008942,30.343000412,495,2.0,U,Africa/Johannesburg,airport,OurAirports
838,Port Elizabeth Airport,Port Elizabeth,South Africa,PLZ,FAPE,-33.9849014282,25.6173000336,226,2.0,U,Africa/Johannesburg,airport,OurAirports
839,Plettenberg Bay Airport,Plettenberg Bay,South Africa,PBZ,FAPG,-34.0881601675,23.3287234306,465,2.0,U,Africa/Johannesburg,airport,OurAirports
840,Hendrik Van Eck Airport,Phalaborwa,South Africa,PHW,FAPH,-23.9372005463,31.1553993225,1432,2.0,U,Africa/Johannesburg,airport,OurAirports
843,Pietermaritzburg Airport,Pietermaritzburg,South Africa,PZB,FAPM,-29.6490001678,30.3987007141,2423,2.0,U,Africa/Johannesburg,airport,OurAirports
845,Polokwane International Airport,Potgietersrus,South Africa,PTG,FAPP,-23.845269,29.458615,4076,2.0,U,Africa/Johannesburg,airport,OurAirports
849,Richards Bay Airport,Richard's Bay,South Africa,RCB,FARB,-28.740999221800003,32.0920982361,109,2.0,U,Africa/Johannesburg,airport,OurAirports
865,Pierre Van Ryneveld Airport,Upington,South Africa,UTN,FAUP,-28.39909935,21.2602005005,2782,2.0,U,Africa/Johannesburg,airport,OurAirports
866,K. D. Matanzima Airport,Umtata,South Africa,UTT,FAUT,-31.5463631849,28.6733551025,2400,2.0,U,Africa/Johannesburg,airport,OurAirports
877,Francistown Airport,Francistown,Botswana,FRW,FBFT,-21.15959930419922,27.47450065612793,3283,2.0,U,Africa/Gaborone,airport,OurAirports
879,Kasane Airport,Kasane,Botswana,BBK,FBKE,-17.83289909362793,25.162399291992188,3289,2.0,U,Africa/Gaborone,airport,OurAirports
880,Maun Airport,Maun,Botswana,MUB,FBMN,-19.97260093688965,23.431100845336918,3093,2.0,U,Africa/Gaborone,airport,OurAirports
881,Sir Seretse Khama International Airport,Gaberone,Botswana,GBE,FBSK,-24.555201,25.9182,3299,2.0,U,Africa/Gaborone,airport,OurAirports
883,Maya-Maya Airport,Brazzaville,Congo (Brazzaville),BZV,FCBB,-4.251699924468994,15.253000259399414,1048,1.0,N,Africa/Brazzaville,airport,OurAirports
886,Pointe Noire Airport,Pointe-noire,Congo (Brazzaville),PNR,FCPP,-4.816030025482178,11.88659954071045,55,1.0,N,Africa/Brazzaville,airport,OurAirports
887,Matsapha Airport,Manzini,Swaziland,MTS,FDMS,-26.52899932861328,31.3075008392334,2075,2.0,U,Africa/Mbabane,airport,OurAirports
888,Bangui M'Poko International Airport,Bangui,Central African Republic,BGF,FEFF,4.39847993850708,18.518800735473636,1208,1.0,N,Africa/Bangui,airport,OurAirports
890,Bata Airport,Bata,Equatorial Guinea,BSG,FGBT,1.9054700136184688,9.80568027496338,13,1.0,N,Africa/Malabo,airport,OurAirports
891,Malabo Airport,Malabo,Equatorial Guinea,SSG,FGSL,3.755270004272461,8.708720207214355,76,1.0,N,Africa/Malabo,airport,OurAirports
897,Douala International Airport,Douala,Cameroon,DLA,FKKD,4.0060801506,9.71947956085,33,1.0,N,Africa/Douala,airport,OurAirports
898,Salak Airport,Maroua,Cameroon,MVR,FKKL,10.45139980316162,14.257399559020996,1390,1.0,N,Africa/Douala,airport,OurAirports
900,N'Gaoundéré Airport,N'gaoundere,Cameroon,NGE,FKKN,7.357009887695312,13.559200286865234,3655,1.0,N,Africa/Douala,airport,OurAirports
901,Garoua International Airport,Garoua,Cameroon,GOU,FKKR,9.33588981628418,13.370100021362305,794,1.0,N,Africa/Douala,airport,OurAirports
906,Livingstone Airport,Livingstone,Zambia,LVI,FLLI,-17.821800231933594,25.82270050048828,3302,2.0,U,Africa/Lusaka,airport,OurAirports
907,Kenneth Kaunda International Airport Lusaka,Lusaka,Zambia,LUN,FLLS,-15.3308000565,28.4526004791,3779,2.0,U,Africa/Lusaka,airport,OurAirports
908,Mfuwe Airport,Mfuwe,Zambia,MFU,FLMF,-13.258899688720703,31.936599731445312,1853,2.0,U,Africa/Lusaka,airport,OurAirports
910,Simon Mwansa Kapwepwe International Airport,Ndola,Zambia,NLA,FLND,-12.998100280762,28.66489982605,4167,2.0,U,Africa/Lusaka,airport,OurAirports
944,Mbanza Congo Airport,M'banza-congo,Angola,SSY,FNBC,-6.269899845123291,14.246999740600586,1860,1.0,N,Africa/Luanda,airport,OurAirports
946,Cabinda Airport,Cabinda,Angola,CAB,FNCA,-5.59699010848999,12.188400268554688,66,1.0,N,Africa/Luanda,airport,OurAirports
948,Nova Lisboa Airport,Huambo,Angola,NOV,FNHU,-12.808899879455566,15.760499954223633,5587,1.0,N,Africa/Luanda,airport,OurAirports
949,Kuito Airport,Kuito,Angola,SVP,FNKU,-12.404600143433,16.947399139404,5618,1.0,N,Africa/Luanda,airport,OurAirports
951,Quatro de Fevereiro Airport,Luanda,Angola,LAD,FNLU,-8.85837,13.2312,243,1.0,N,Africa/Luanda,airport,OurAirports
952,Malanje Airport,Malanje,Angola,MEG,FNMA,-9.525090217590332,16.312400817871094,3868,1.0,N,Africa/Luanda,airport,OurAirports
953,Menongue Airport,Menongue,Angola,SPP,FNME,-14.657600402832031,17.71980094909668,4469,1.0,N,Africa/Luanda,airport,OurAirports
957,Saurimo Airport,Saurimo,Angola,VHC,FNSA,-9.689069747924805,20.431900024414062,3584,1.0,N,Africa/Luanda,airport,OurAirports
958,Soyo Airport,Soyo,Angola,SZA,FNSO,-6.141089916229248,12.371800422668455,15,1.0,N,Africa/Luanda,airport,OurAirports
959,Lubango Airport,Lubango,Angola,SDD,FNUB,-14.924699783325195,13.574999809265137,5778,1.0,N,Africa/Luanda,airport,OurAirports
960,Luena Airport,Luena,Angola,LUO,FNUE,-11.768099784851074,19.8976993560791,4360,1.0,N,Africa/Luanda,airport,OurAirports
967,Port Gentil Airport,Port Gentil,Gabon,POG,FOOG,-0.7117390036582947,8.754380226135254,13,1.0,N,Africa/Libreville,airport,OurAirports
970,Libreville Leon M'ba International Airport,Libreville,Gabon,LBV,FOOL,0.458600014448,9.4122800827,39,1.0,N,Africa/Libreville,airport,OurAirports
973,São Tomé International Airport,Sao Tome,Sao Tome and Principe,TMS,FPST,0.3781749904155731,6.712150096893311,33,0.0,N,Africa/Sao_Tome,airport,OurAirports
974,Beira Airport,Beira,Mozambique,BEW,FQBR,-19.79640007019043,34.90760040283203,33,2.0,U,Africa/Maputo,airport,OurAirports
976,Inhambane Airport,Inhambane,Mozambique,INH,FQIN,-23.876399993896484,35.40850067138672,30,2.0,U,Africa/Maputo,airport,OurAirports
977,Lichinga Airport,Lichinga,Mozambique,VXC,FQLC,-13.274,35.2663,4505,2.0,U,Africa/Maputo,airport,OurAirports
979,Maputo Airport,Maputo,Mozambique,MPM,FQMA,-25.920799,32.572601,145,2.0,U,Africa/Maputo,airport,OurAirports
984,Nampula Airport,Nampula,Mozambique,APL,FQNP,-15.105600357055664,39.28179931640625,1444,2.0,U,Africa/Maputo,airport,OurAirports
985,Pemba Airport,Pemba,Mozambique,POL,FQPB,-12.991762161254885,40.52401351928711,331,2.0,U,Africa/Maputo,airport,OurAirports
986,Quelimane Airport,Quelimane,Mozambique,UEL,FQQL,-17.855499267578125,36.86909866333008,36,2.0,U,Africa/Maputo,airport,OurAirports
988,Chingozi Airport,Tete,Mozambique,TET,FQTT,-16.104799270629883,33.64020156860352,525,2.0,U,Africa/Maputo,airport,OurAirports
990,Vilankulo Airport,Vilankulu,Mozambique,VNX,FQVL,-22.018400192260746,35.31330108642578,46,2.0,U,Africa/Maputo,airport,OurAirports
999,N'Djamena International Airport,N'djamena,Chad,NDJ,FTTJ,12.1337,15.034,968,1.0,N,Africa/Ndjamena,airport,OurAirports
1001,Joshua Mqabuko Nkomo International Airport,Bulawayo,Zimbabwe,BUQ,FVBU,-20.017401,28.617901,4359,2.0,U,Africa/Harare,airport,OurAirports
1004,Victoria Falls International Airport,Victoria Falls,Zimbabwe,VFA,FVFA,-18.09589958190918,25.839000701904297,3490,2.0,U,Africa/Harare,airport,OurAirports
1005,Robert Gabriel Mugabe International Airport,Harare,Zimbabwe,HRE,FVHA,-17.931801,31.0928,4887,2.0,U,Africa/Harare,airport,OurAirports
1013,Chileka International Airport,Blantyre,Malawi,BLZ,FWCL,-15.679100036621094,34.9739990234375,2555,2.0,U,Africa/Blantyre,airport,OurAirports
1016,Lilongwe International Airport,Lilongwe,Malawi,LLW,FWKI,-13.7894001007,33.78099823,4035,2.0,U,Africa/Blantyre,airport,OurAirports
1018,Moshoeshoe I International Airport,Maseru,Lesotho,MSU,FXMM,-29.462299346923828,27.552499771118164,5348,2.0,U,Africa/Maseru,airport,OurAirports
1020,Ndjili International Airport,Kinshasa,Congo (Kinshasa),FIH,FZAA,-4.38575,15.4446,1027,1.0,N,Africa/Kinshasa,airport,OurAirports
1026,Mbandaka Airport,Mbandaka,Congo (Kinshasa),MDK,FZEA,0.0226000007242,18.2887001038,1040,1.0,N,Africa/Kinshasa,airport,OurAirports
1028,Gemena Airport,Gemena,Congo (Kinshasa),GMA,FZFK,3.23536992073,19.7712993622,1378,1.0,N,Africa/Kinshasa,airport,OurAirports
1031,Bangoka International Airport,Kisangani,Congo (Kinshasa),FKI,FZIC,0.481638997793,25.3379993439,1417,2.0,U,Africa/Lubumbashi,airport,OurAirports
1032,Matari Airport,Isiro,Congo (Kinshasa),IRP,FZJH,2.8276100158691406,27.58830070495605,2438,2.0,U,Africa/Lubumbashi,airport,OurAirports
1033,Bunia Airport,Bunia,Congo (Kinshasa),BUX,FZKA,1.5657199621200562,30.220800399780277,4045,2.0,U,Africa/Lubumbashi,airport,OurAirports
1035,Bukavu Kavumu Airport,Bukavu/kavumu,Congo (Kinshasa),BKY,FZMA,-2.3089799880981445,28.808799743652344,5643,2.0,U,Africa/Lubumbashi,airport,OurAirports
1036,Goma International Airport,Goma,Congo (Kinshasa),GOM,FZNA,-1.670809984207153,29.238500595092773,5089,2.0,U,Africa/Kigali,airport,OurAirports
1037,Kindu Airport,Kindu,Congo (Kinshasa),KND,FZOA,-2.91917991638,25.9153995514,1630,2.0,U,Africa/Lubumbashi,airport,OurAirports
1038,Lubumbashi International Airport,Lubumashi,Congo (Kinshasa),FBM,FZQA,-11.5913000107,27.5308990479,4295,2.0,U,Africa/Lubumbashi,airport,OurAirports
1040,Kalemie Airport,Kalemie,Congo (Kinshasa),FMI,FZRF,-5.8755598068237305,29.25,2569,2.0,U,Africa/Lubumbashi,airport,OurAirports
1042,Kananga Airport,Kananga,Congo (Kinshasa),KGA,FZUA,-5.90005016327,22.4692001343,2139,2.0,U,Africa/Lubumbashi,airport,OurAirports
1043,Mbuji Mayi Airport,Mbuji-mayi,Congo (Kinshasa),MJM,FZWA,-6.121240139010001,23.5690002441,2221,2.0,U,Africa/Lubumbashi,airport,OurAirports
1044,Modibo Keita International Airport,Bamako,Mali,BKO,GABS,12.5335,-7.94994,1247,0.0,N,Africa/Bamako,airport,OurAirports
1050,Banjul International Airport,Banjul,Gambia,BJL,GBYD,13.338000297546388,-16.65220069885254,95,0.0,N,Africa/Banjul,airport,OurAirports
1058,Melilla Airport,Melilla,Spain,MLN,GEML,35.279800415,-2.9562599659,156,1.0,E,Europe/Madrid,airport,OurAirports
1059,Lungi International Airport,Freetown,Sierra Leone,FNA,GFLL,8.61644,-13.1955,84,0.0,N,Africa/Freetown,airport,OurAirports
1062,Spriggs Payne Airport,Monrovia,Liberia,MLW,GLMR,6.289060115814209,-10.758700370788574,25,0.0,N,Africa/Monrovia,airport,OurAirports
1063,Roberts International Airport,Monrovia,Liberia,ROB,GLRB,6.23379,-10.3623,31,0.0,N,Africa/Monrovia,airport,OurAirports
1064,Al Massira Airport,Agadir,Morocco,AGA,GMAD,30.325000762939453,-9.41306972503662,250,0.0,N,Africa/Casablanca,airport,OurAirports
1065,Tan Tan Airport,Tan Tan,Morocco,TTA,GMAT,28.44820022583008,-11.161299705505373,653,0.0,N,Africa/Casablanca,airport,OurAirports
1066,Saïss Airport,Fes,Morocco,FEZ,GMFF,33.9272994995,-4.977960109709999,1900,0.0,N,Africa/Casablanca,airport,OurAirports
1070,Angads Airport,Oujda,Morocco,OUD,GMFO,34.787200927734375,-1.92399001121521,1535,0.0,N,Africa/Casablanca,airport,OurAirports
1072,Rabat-Salé Airport,Rabat,Morocco,RBA,GMME,34.051498,-6.75152,276,0.0,N,Africa/Casablanca,airport,OurAirports
1074,Mohammed V International Airport,Casablanca,Morocco,CMN,GMMN,33.36750030517578,-7.589970111846924,656,0.0,N,Africa/Casablanca,airport,OurAirports
1075,Menara Airport,Marrakech,Morocco,RAK,GMMX,31.6068992615,-8.03629970551,1545,0.0,N,Africa/Casablanca,airport,OurAirports
1077,Ouarzazate Airport,Ouarzazate,Morocco,OZZ,GMMZ,30.9391002655,-6.909430027010001,3782,0.0,N,Africa/Casablanca,airport,OurAirports
1078,Cherif Al Idrissi Airport,Al Hociema,Morocco,AHU,GMTA,35.177101135253906,-3.83951997756958,95,0.0,N,Africa/Casablanca,airport,OurAirports
1079,Saniat R'mel Airport,Tetouan,Morocco,TTU,GMTN,35.594299316406,-5.320020198822,10,0.0,N,Africa/Casablanca,airport,OurAirports
1080,Ibn Batouta Airport,Tanger,Morocco,TNG,GMTT,35.726898193400004,-5.91689014435,62,0.0,N,Africa/Casablanca,airport,OurAirports
1081,Ziguinchor Airport,Ziguinchor,Senegal,ZIG,GOGG,12.5556,-16.281799,75,0.0,N,Africa/Dakar,airport,OurAirports
1082,Cap Skirring Airport,Cap Skiring,Senegal,CSK,GOGS,12.39533,-16.748,52,0.0,N,Africa/Dakar,airport,OurAirports
1084,Léopold Sédar Senghor International Airport,Dakar,Senegal,DKR,GOOY,14.739700317382812,-17.49020004272461,85,0.0,N,Africa/Dakar,airport,OurAirports
1094,Nouakchott–Oumtounsy International Airport,Nouakschott,Mauritania,NKC,GQNO,18.31,-15.9697222,9,0.0,N,Africa/Nouakchott,airport,OurAirports
1097,Nouadhibou International Airport,Nouadhibou,Mauritania,NDB,GQPP,20.9330997467041,-17.030000686645508,24,0.0,N,Africa/Nouakchott,airport,OurAirports
1107,Addis Ababa Bole International Airport,Addis Ababa,Ethiopia,ADD,HAAB,8.97789001465,38.7993011475,7630,3.0,U,Africa/Addis_Ababa,airport,OurAirports
1109,Arba Minch Airport,Arba Minch,Ethiopia,AMH,HAAM,6.0393900871276855,37.59049987792969,3901,3.0,U,Africa/Addis_Ababa,airport,OurAirports
1110,Axum Airport,Axum,Ethiopia,AXU,HAAX,14.14680004119873,38.77280044555664,6959,3.0,U,Africa/Addis_Ababa,airport,OurAirports
1111,Bahir Dar Airport,Bahar Dar,Ethiopia,BJR,HABD,11.608099937438965,37.32160186767578,5978,3.0,U,Africa/Addis_Ababa,airport,OurAirports
1112,Aba Tenna Dejazmach Yilma International Airport,Dire Dawa,Ethiopia,DIR,HADR,9.624699592590332,41.85419845581055,3827,3.0,U,Africa/Addis_Ababa,airport,OurAirports
1113,Gambella Airport,Gambella,Ethiopia,GMB,HAGM,8.12876033782959,34.5630989074707,1614,3.0,U,Africa/Addis_Ababa,airport,OurAirports
1114,Gonder Airport,Gondar,Ethiopia,GDQ,HAGN,12.51990032196045,37.43399810791016,6449,3.0,U,Africa/Addis_Ababa,airport,OurAirports
1116,Jimma Airport,Jimma,Ethiopia,JIM,HAJM,7.66609001159668,36.81660079956055,5500,3.0,U,Africa/Addis_Ababa,airport,OurAirports
1117,Lalibella Airport,Lalibella,Ethiopia,LLI,HALL,11.975000381469728,38.97999954223633,6506,3.0,U,Africa/Addis_Ababa,airport,OurAirports
1118,Mekele Airport,Makale,Ethiopia,MQX,HAMK,13.467399597167969,39.53350067138672,7396,3.0,U,Africa/Addis_Ababa,airport,OurAirports
1119,Asosa Airport,Asosa,Ethiopia,ASO,HASO,10.018500328063965,34.586299896240234,5100,3.0,U,Africa/Addis_Ababa,airport,OurAirports
1120,Bujumbura International Airport,Bujumbura,Burundi,BJM,HBBA,-3.3240199089050293,29.318500518798828,2582,2.0,U,Africa/Bujumbura,airport,OurAirports
1121,Egal International Airport,Hargeisa,Somalia,HGA,HCMH,9.518170356750488,44.08879852294922,4423,3.0,U,Africa/Mogadishu,airport,OurAirports
1122,Berbera Airport,Berbera,Somalia,BBO,HCMI,10.389200210571287,44.94110107421875,30,3.0,U,Africa/Mogadishu,airport,OurAirports
1127,Abu Simbel Airport,Abu Simbel,Egypt,ABS,HEBL,22.3759994507,31.611700058,616,2.0,U,Africa/Cairo,airport,OurAirports
1128,Cairo International Airport,Cairo,Egypt,CAI,HECA,30.12190055847168,31.40559959411621,382,2.0,U,Africa/Cairo,airport,OurAirports
1130,Hurghada International Airport,Hurghada,Egypt,HRG,HEGN,27.178300857543945,33.799400329589844,52,2.0,U,Africa/Cairo,airport,OurAirports
1132,Luxor International Airport,Luxor,Egypt,LXR,HELX,25.671,32.7066,294,2.0,U,Africa/Cairo,airport,OurAirports
1136,Aswan International Airport,Aswan,Egypt,ASW,HESN,23.9643993378,32.8199996948,662,2.0,U,Africa/Cairo,airport,OurAirports
1138,Eldoret International Airport,Eldoret,Kenya,EDL,HKEL,0.4044579863548279,35.23889923095703,6941,3.0,U,Africa/Nairobi,airport,OurAirports
1140,Kisumu Airport,Kisumu,Kenya,KIS,HKKI,-0.0861390009522438,34.72890090942383,3734,3.0,U,Africa/Nairobi,airport,OurAirports
1141,Kitale Airport,Kitale,Kenya,KTL,HKKT,0.9719889760017396,34.95859909057617,6070,3.0,U,Africa/Nairobi,airport,OurAirports
1143,Lodwar Airport,Lodwar,Kenya,LOK,HKLO,3.1219699382781982,35.608699798583984,1715,3.0,U,Africa/Nairobi,airport,OurAirports
1144,Manda Airstrip,Lamu,Kenya,LAU,HKLU,-2.252419948577881,40.91310119628906,20,3.0,U,Africa/Nairobi,airport,OurAirports
1145,Mombasa Moi International Airport,Mombasa,Kenya,MBA,HKMO,-4.034830093383789,39.594200134277344,200,3.0,U,Africa/Nairobi,airport,OurAirports
1147,Nairobi Wilson Airport,Nairobi,Kenya,WIL,HKNW,-1.321720004081726,36.81480026245117,5536,3.0,U,Africa/Nairobi,airport,OurAirports
1149,Wajir Airport,Wajir,Kenya,WJR,HKWJ,1.73324,40.091599,770,3.0,U,Africa/Nairobi,airport,OurAirports
1152,Ghat Airport,Ghat,Libya,GHT,HLGT,25.1455993652,10.1426000595,2296,2.0,N,Africa/Tripoli,airport,OurAirports
1153,Kufra Airport,Kufra,Libya,AKF,HLKF,24.178699493408203,23.31399917602539,1367,2.0,N,Africa/Tripoli,airport,OurAirports
1154,Benina International Airport,Benghazi,Libya,BEN,HLLB,32.096801757799994,20.2695007324,433,2.0,N,Africa/Tripoli,airport,OurAirports
1157,Tripoli International Airport,Tripoli,Libya,TIP,HLLT,32.6635017395,13.1590003967,263,2.0,N,Africa/Tripoli,airport,OurAirports
1162,Ghadames East Airport,Ghadames,Libya,LTD,HLTD,30.15169906616211,9.715310096740724,1122,2.0,N,Africa/Tripoli,airport,OurAirports
1165,Kigali International Airport,Kigali,Rwanda,KGL,HRYR,-1.96863,30.1395,4859,2.0,U,Africa/Kigali,airport,OurAirports
1166,Kamembe Airport,Kamembe,Rwanda,KME,HRZA,-2.462239980697632,28.907899856567383,5192,2.0,U,Africa/Kigali,airport,OurAirports
1169,El Fasher Airport,El Fasher,Sudan,ELF,HSFS,13.61489963531494,25.32460021972656,2393,3.0,U,Africa/Khartoum,airport,OurAirports
1173,Juba International Airport,Juba,South Sudan,JUB,HSSJ,4.87201023102,31.6011009216,1513,3.0,U,Africa/Juba,airport,OurAirports
1175,Khartoum International Airport,Khartoum,Sudan,KRT,HSSS,15.589500427246094,32.553199768066406,1265,3.0,U,Africa/Khartoum,airport,OurAirports
1176,Arusha Airport,Arusha,Tanzania,ARK,HTAR,-3.3677899837493896,36.63330078125,4550,3.0,U,Africa/Dar_es_Salaam,airport,OurAirports
1177,Julius Nyerere International Airport,Dar Es Salaam,Tanzania,DAR,HTDA,-6.87811,39.202599,182,3.0,U,Africa/Dar_es_Salaam,airport,OurAirports
1180,Kilimanjaro International Airport,Kilimanjaro,Tanzania,JRO,HTKJ,-3.42940998077,37.0745010376,2932,3.0,U,Africa/Dar_es_Salaam,airport,OurAirports
1182,Mtwara Airport,Mtwara,Tanzania,MYW,HTMT,-10.339099884033203,40.18180084228516,371,3.0,U,Africa/Dar_es_Salaam,airport,OurAirports
1183,Mwanza Airport,Mwanza,Tanzania,MWZ,HTMW,-2.4444899559021,32.932701110839844,3763,3.0,U,Africa/Dar_es_Salaam,airport,OurAirports
1186,Abeid Amani Karume International Airport,Zanzibar,Tanzania,ZNZ,HTZA,-6.22202,39.224899,54,3.0,U,Africa/Dar_es_Salaam,airport,OurAirports
1187,Entebbe International Airport,Entebbe,Uganda,EBB,HUEN,0.042386,32.443501,3782,3.0,U,Africa/Kampala,airport,OurAirports
1190,Tirana International Airport Mother Teresa,Tirana,Albania,TIA,LATI,41.4146995544,19.7206001282,126,1.0,E,Europe/Tirane,airport,OurAirports
1191,Burgas Airport,Bourgas,Bulgaria,BOJ,LBBG,42.56959915161133,27.515199661254883,135,2.0,E,Europe/Sofia,airport,OurAirports
1193,Plovdiv International Airport,Plovdiv,Bulgaria,PDV,LBPD,42.067799,24.8508,597,2.0,E,Europe/Sofia,airport,OurAirports
1194,Sofia Airport,Sofia,Bulgaria,SOF,LBSF,42.69669342041016,23.411436080932617,1742,2.0,E,Europe/Sofia,airport,OurAirports
1196,Varna Airport,Varna,Bulgaria,VAR,LBWN,43.232101,27.8251,230,2.0,E,Europe/Sofia,airport,OurAirports
1200,Dubrovnik Airport,Dubrovnik,Croatia,DBV,LDDU,42.5614013671875,18.268199920654297,527,1.0,E,Europe/Zagreb,airport,OurAirports
1202,Osijek Airport,Osijek,Croatia,OSI,LDOS,45.46269989013672,18.810199737548828,290,1.0,E,Europe/Zagreb,airport,OurAirports
1203,Pula Airport,Pula,Croatia,PUY,LDPL,44.89350128173828,13.922200202941896,274,1.0,E,Europe/Zagreb,airport,OurAirports
1205,Rijeka Airport,Rijeka,Croatia,RJK,LDRI,45.21689987182617,14.570300102233888,278,1.0,E,Europe/Zagreb,airport,OurAirports
1206,Split Airport,Split,Croatia,SPU,LDSP,43.53889846801758,16.29800033569336,79,1.0,E,Europe/Zagreb,airport,OurAirports
1208,Zagreb Airport,Zagreb,Croatia,ZAG,LDZA,45.7429008484,16.0687999725,353,1.0,E,Europe/Zagreb,airport,OurAirports
1209,Zadar Airport,Zadar,Croatia,ZAD,LDZD,44.108299,15.3467,289,1.0,E,Europe/Zagreb,airport,OurAirports
1212,Alicante International Airport,Alicante,Spain,ALC,LEAL,38.28219985961914,-0.5581560134887695,142,1.0,E,Europe/Madrid,airport,OurAirports
1213,Almería International Airport,Almeria,Spain,LEI,LEAM,36.84389877319336,-2.3701000213623047,70,1.0,E,Europe/Madrid,airport,OurAirports
1214,Asturias Airport,Aviles,Spain,OVD,LEAS,43.5635986328125,-6.0346198081970215,416,1.0,E,Europe/Madrid,airport,OurAirports
1216,Bilbao Airport,Bilbao,Spain,BIO,LEBB,43.30110168457031,-2.9106099605560303,138,1.0,E,Europe/Madrid,airport,OurAirports
1218,Barcelona International Airport,Barcelona,Spain,BCN,LEBL,41.2971,2.07846,12,1.0,E,Europe/Madrid,airport,OurAirports
1219,Badajoz Airport,Badajoz,Spain,BJZ,LEBZ,38.891300201416016,-6.8213300704956055,609,1.0,E,Europe/Madrid,airport,OurAirports
1220,A Coruña Airport,La Coruna,Spain,LCG,LECO,43.302101,-8.37726,326,1.0,E,Europe/Madrid,airport,OurAirports
1222,Girona Airport,Gerona,Spain,GRO,LEGE,41.901000977,2.7605500221,468,1.0,E,Europe/Madrid,airport,OurAirports
1223,Federico Garcia Lorca Airport,Granada,Spain,GRX,LEGR,37.18870162963867,-3.777359962463379,1860,1.0,E,Europe/Madrid,airport,OurAirports
1225,Ibiza Airport,Ibiza,Spain,IBZ,LEIB,38.8728981018,1.3731199502899998,24,1.0,E,Europe/Madrid,airport,OurAirports
1226,Jerez Airport,Jerez,Spain,XRY,LEJR,36.74459838867188,-6.060110092163086,93,1.0,E,Europe/Madrid,airport,OurAirports
1227,San Javier Airport,Murcia,Spain,MJV,LELC,37.775001525878906,-0.8123890161514282,11,1.0,E,Europe/Madrid,airport,OurAirports
1229,Adolfo Suárez Madrid–Barajas Airport,Madrid,Spain,MAD,LEMD,40.471926,-3.56264,1998,1.0,E,Europe/Madrid,airport,OurAirports
1230,Málaga Airport,Malaga,Spain,AGP,LEMG,36.67490005493164,-4.499110221862793,53,1.0,E,Europe/Madrid,airport,OurAirports
1231,Menorca Airport,Menorca,Spain,MAH,LEMH,39.86259841918945,4.218649864196777,302,1.0,E,Europe/Madrid,airport,OurAirports
1234,Pamplona Airport,Pamplona,Spain,PNA,LEPP,42.77000045776367,-1.6463299989700315,1504,1.0,E,Europe/Madrid,airport,OurAirports
1236,Reus Air Base,Reus,Spain,REU,LERS,41.14739990234375,1.1671700477600098,233,1.0,E,Europe/Madrid,airport,OurAirports
1238,Salamanca Airport,Salamanca,Spain,SLM,LESA,40.95209884643555,-5.501989841461182,2595,1.0,E,Europe/Madrid,airport,OurAirports
1242,San Sebastian Airport,San Sebastian,Spain,EAS,LESO,43.35649871826172,-1.7906099557876587,16,1.0,E,Europe/Madrid,airport,OurAirports
1243,Santiago de Compostela Airport,Santiago,Spain,SCQ,LEST,42.89630126953125,-8.415140151977539,1213,1.0,E,Europe/Madrid,airport,OurAirports
1246,Valencia Airport,Valencia,Spain,VLC,LEVC,39.4893,-0.481625,240,1.0,E,Europe/Madrid,airport,OurAirports
1247,Valladolid Airport,Valladolid,Spain,VLL,LEVD,41.7061004639,-4.85194015503,2776,1.0,E,Europe/Madrid,airport,OurAirports
1250,Vigo Airport,Vigo,Spain,VGO,LEVX,42.2318000793457,-8.62677001953125,856,1.0,E,Europe/Madrid,airport,OurAirports
1251,Santander Airport,Santander,Spain,SDR,LEXJ,43.42710113525391,-3.82000994682312,16,1.0,E,Europe/Madrid,airport,OurAirports
1252,Zaragoza Air Base,Zaragoza,Spain,ZAZ,LEZG,41.66619873046875,-1.0415500402450562,863,1.0,E,Europe/Madrid,airport,OurAirports
1253,Sevilla Airport,Sevilla,Spain,SVQ,LEZL,37.417999267578125,-5.8931097984313965,112,1.0,E,Europe/Madrid,airport,OurAirports
1262,Agen-La Garenne Airport,Agen,France,AGF,LFBA,44.17470169067383,0.5905560255050659,204,1.0,E,Europe/Paris,airport,OurAirports
1264,Bordeaux-Mérignac Airport,Bordeaux,France,BOD,LFBD,44.8283004761,-0.715556025505,162,1.0,E,Europe/Paris,airport,OurAirports
1265,Bergerac-Roumanière Airport,Bergerac,France,EGC,LFBE,44.82529830932617,0.5186110138893127,171,1.0,E,Europe/Paris,airport,OurAirports
1268,Poitiers-Biard Airport,Poitiers,France,PIS,LFBI,46.58769989013672,0.3066659867763519,423,1.0,E,Europe/Paris,airport,OurAirports
1270,Limoges Airport,Limoges,France,LIG,LFBL,45.86280059814453,1.1794400215148926,1300,1.0,E,Europe/Paris,airport,OurAirports
1273,Toulouse-Blagnac Airport,Toulouse,France,TLS,LFBO,43.629101,1.36382,499,1.0,E,Europe/Paris,airport,OurAirports
1274,Pau Pyrénées Airport,Pau,France,PUF,LFBP,43.380001068115234,-0.4186109900474548,616,1.0,E,Europe/Paris,airport,OurAirports
1276,Tarbes-Lourdes-Pyrénées Airport,Tarbes,France,LDE,LFBT,43.1786994934082,-0.0064389999024569,1260,1.0,E,Europe/Paris,airport,OurAirports
1277,Angoulême-Brie-Champniers Airport,Angouleme,France,ANG,LFBU,45.72919845581055,0.2214560061693191,436,1.0,E,Europe/Paris,airport,OurAirports
1278,Brive Souillac Airport,Brive,France,BVE,LFSL,45.039722,1.485556,1016,1.0,E,Europe/Paris,airport,OurAirports
1279,Périgueux-Bassillac Airport,Perigueux,France,PGX,LFBX,45.19810104370117,0.815555989742279,328,1.0,E,Europe/Paris,airport,OurAirports
1280,Biarritz-Anglet-Bayonne Airport,Biarritz-bayonne,France,BIQ,LFBZ,43.4683333,-1.5311111,245,1.0,E,Europe/Paris,airport,OurAirports
1285,Castres-Mazamet Airport,Castres,France,DCM,LFCK,43.55630111694336,2.289180040359497,788,1.0,E,Europe/Paris,airport,OurAirports
1289,Rodez-Marcillac Airport,Rodez,France,RDZ,LFCR,44.407901763916016,2.4826700687408447,1910,1.0,E,Europe/Paris,airport,OurAirports
1309,Dole-Tavaux Airport,Dole,France,DLE,LFGJ,47.042686,5.435063,645,1.0,E,Europe/Paris,airport,OurAirports
1313,Le Puy-Loudes Airport,Le Puy,France,LPY,LFHP,45.0806999206543,3.762890100479126,2731,1.0,E,Europe/Paris,airport,OurAirports
1320,Metz-Nancy-Lorraine Airport,Metz,France,ETZ,LFJL,48.9821014404,6.25131988525,870,1.0,E,Europe/Paris,airport,OurAirports
1321,Bastia-Poretta Airport,Bastia,France,BIA,LFKB,42.55270004272461,9.48373031616211,26,1.0,E,Europe/Paris,airport,OurAirports
1322,Calvi-Sainte-Catherine Airport,Calvi,France,CLY,LFKC,42.5244444,8.7930556,209,1.0,E,Europe/Paris,airport,OurAirports
1323,Figari Sud-Corse Airport,Figari,France,FSC,LFKF,41.5005989074707,9.097780227661133,87,1.0,E,Europe/Paris,airport,OurAirports
1324,Ajaccio-Napoléon Bonaparte Airport,Ajaccio,France,AJA,LFKJ,41.92359924316406,8.8029203414917,18,1.0,E,Europe/Paris,airport,OurAirports
1330,Clermont-Ferrand Auvergne Airport,Clermont-Ferrand,France,CFE,LFLC,45.7867012024,3.1691699028,1090,1.0,E,Europe/Paris,airport,OurAirports
1335,Lyon Saint-Exupéry Airport,Lyon,France,LYS,LFLL,45.725556,5.081111,821,1.0,E,Europe/Paris,airport,OurAirports
1344,Aurillac Airport,Aurillac,France,AUR,LFLW,44.89139938354492,2.4219400882720947,2096,1.0,E,Europe/Paris,airport,OurAirports
1350,Saint-Étienne-Bouthéon Airport,St-Etienne,France,EBU,LFMH,45.54059982299805,4.296390056610107,1325,1.0,E,Europe/Paris,airport,OurAirports
1352,Carcassonne Airport,Carcassonne,France,CCF,LFMK,43.21599960327149,2.3063199520111084,433,1.0,E,Europe/Paris,airport,OurAirports
1353,Marseille Provence Airport,Marseille,France,MRS,LFML,43.439271922,5.22142410278,74,1.0,E,Europe/Paris,airport,OurAirports
1354,Nice-Côte d'Azur Airport,Nice,France,NCE,LFMN,43.6584014893,7.215869903560001,12,1.0,E,Europe/Paris,airport,OurAirports
1356,Perpignan-Rivesaltes (Llabanère) Airport,Perpignan,France,PGF,LFMP,42.74039840698242,2.8706700801849365,144,1.0,E,Europe/Paris,airport,OurAirports
1359,Montpellier-Méditerranée Airport,Montpellier,France,MPL,LFMT,43.57619857788086,3.96301007270813,17,1.0,E,Europe/Paris,airport,OurAirports
1360,Béziers-Vias Airport,Beziers,France,BZR,LFMU,43.32350158691406,3.353899955749512,56,1.0,E,Europe/Paris,airport,OurAirports
1361,Avignon-Caumont Airport,Avignon,France,AVN,LFMV,43.90729904174805,4.901830196380615,124,1.0,E,Europe/Paris,airport,OurAirports
1367,Paris Beauvais Tillé Airport,Beauvais,France,BVA,LFOB,49.45439910888672,2.1127800941467285,359,1.0,E,Europe/Paris,airport,OurAirports
1371,Le Havre Octeville Airport,Le Havre,France,LEH,LFOH,49.53390121459961,0.0880559980869293,313,1.0,E,Europe/Paris,airport,OurAirports
1374,Châlons-Vatry Airport,Chalons,France,XCR,LFOK,48.7733333333,4.206111111,587,1.0,E,Europe/Paris,airport,OurAirports
1376,Tours-Val-de-Loire Airport,Tours,France,TUF,LFOT,47.4322013855,0.727605998516,357,1.0,E,Europe/Paris,airport,OurAirports
1382,Charles de Gaulle International Airport,Paris,France,CDG,LFPG,49.012798,2.55,392,1.0,E,Europe/Paris,airport,OurAirports
1386,Paris-Orly Airport,Paris,France,ORY,LFPO,48.7233333,2.3794444,291,1.0,E,Europe/Paris,airport,OurAirports
1399,Lille-Lesquin Airport,Lille,France,LIL,LFQQ,50.563332,3.086886,157,1.0,E,Europe/Paris,airport,OurAirports
1403,Brest Bretagne Airport,Brest,France,BES,LFRB,48.447898864746094,-4.418540000915527,325,1.0,E,Europe/Paris,airport,OurAirports
1405,Dinard-Pleurtuit-Saint-Malo Airport,Dinard,France,DNR,LFRD,48.58769989013672,-2.0799601078033447,219,1.0,E,Europe/Paris,airport,OurAirports
1408,Deauville-Saint-Gatien Airport,Deauville,France,DOL,LFRG,49.3652992249,0.154305994511,479,1.0,E,Europe/Paris,airport,OurAirports
1409,Lorient South Brittany (Bretagne Sud) Airport,Lorient,France,LRT,LFRH,47.76060104370117,-3.440000057220459,160,1.0,E,Europe/Paris,airport,OurAirports
1412,Caen-Carpiquet Airport,Caen,France,CFR,LFRK,49.173301696777344,-0.449999988079071,256,1.0,E,Europe/Paris,airport,OurAirports
1415,Rennes-Saint-Jacques Airport,Rennes,France,RNS,LFRN,48.0694999695,-1.73478996754,124,1.0,E,Europe/Paris,airport,OurAirports
1416,Lannion-Côte de Granit Airport,Lannion,France,LAI,LFRO,48.754398,-3.47166,290,1.0,E,Europe/Paris,airport,OurAirports
1417,Quimper-Cornouaille Airport,Quimper,France,UIP,LFRQ,47.97499847412109,-4.167789936065674,297,1.0,E,Europe/Paris,airport,OurAirports
1418,Nantes Atlantique Airport,Nantes,France,NTE,LFRS,47.153198242200006,-1.61073005199,90,1.0,E,Europe/Paris,airport,OurAirports
1423,EuroAirport Basel-Mulhouse-Freiburg Airport,Mulhouse,France,BSL,LFSB,47.59,7.5291667,885,1.0,E,Europe/Paris,airport,OurAirports
1425,Dijon-Bourgogne Airport,Dijon,France,DIJ,LFSD,47.268902,5.09,726,1.0,E,Europe/Paris,airport,OurAirports
1435,Strasbourg Airport,Strasbourg,France,SXB,LFST,48.53829956054688,7.628230094909668,505,1.0,E,Europe/Paris,airport,OurAirports
1438,Toulon-Hyères Airport,Hyeres,France,TLN,LFTH,43.0973014832,6.14602994919,7,1.0,E,Europe/Paris,airport,OurAirports
1439,Nîmes-Arles-Camargue Airport,Nimes,France,FNI,LFTW,43.75740051269531,4.4163498878479,309,1.0,E,Europe/Paris,airport,OurAirports
1446,Dimokritos Airport,Alexandroupolis,Greece,AXD,LGAL,40.855899810791016,25.956300735473636,24,2.0,E,Europe/Athens,airport,OurAirports
1448,Nea Anchialos Airport,Nea Anghialos,Greece,VOL,LGBL,39.21960067749024,22.794300079345703,83,2.0,E,Europe/Athens,airport,OurAirports
1450,Chios Island National Airport,Chios,Greece,JKH,LGHI,38.34320068359375,26.140600204467773,15,2.0,E,Europe/Athens,airport,OurAirports
1451,Ioannina Airport,Ioannina,Greece,IOA,LGIO,39.6963996887207,20.82250022888184,1558,2.0,E,Europe/Athens,airport,OurAirports
1452,Heraklion International Nikos Kazantzakis Airport,Heraklion,Greece,HER,LGIR,35.3396987915,25.1802997589,115,2.0,E,Europe/Athens,airport,OurAirports
1453,Kastoria National Airport,Kastoria,Greece,KSO,LGKA,40.4463005066,21.2821998596,2167,2.0,E,Europe/Athens,airport,OurAirports
1454,Kithira Airport,Kithira,Greece,KIT,LGKC,36.2742996216,23.0170001984,1045,2.0,E,Europe/Athens,airport,OurAirports
1455,Kefallinia Airport,Keffallinia,Greece,EFL,LGKF,38.12009811401367,20.5004997253418,59,2.0,E,Europe/Athens,airport,OurAirports
1456,Kalamata Airport,Kalamata,Greece,KLX,LGKL,37.06829833984375,22.02549934387207,26,2.0,E,Europe/Athens,airport,OurAirports
1458,Kos Airport,Kos,Greece,KGS,LGKO,36.79330062866211,27.091699600219727,412,2.0,E,Europe/Athens,airport,OurAirports
1459,Karpathos Airport,Karpathos,Greece,AOK,LGKP,35.4213981628418,27.145999908447266,66,2.0,E,Europe/Athens,airport,OurAirports
1460,Ioannis Kapodistrias International Airport,Kerkyra/corfu,Greece,CFU,LGKR,39.601898193359375,19.911699295043945,6,2.0,E,Europe/Athens,airport,OurAirports
1461,Kasos Airport,Kasos,Greece,KSJ,LGKS,35.4213981628,26.9099998474,35,2.0,E,Europe/Athens,airport,OurAirports
1462,Alexander the Great International Airport,Kavala,Greece,KVA,LGKV,40.91329956054688,24.619199752807617,18,2.0,E,Europe/Athens,airport,OurAirports
1463,Filippos Airport,Kozani,Greece,KZI,LGKZ,40.28609848022461,21.84079933166504,2059,2.0,E,Europe/Athens,airport,OurAirports
1464,Leros Airport,Leros,Greece,LRS,LGLE,37.184898,26.800301,39,2.0,E,Europe/Athens,airport,OurAirports
1465,Limnos Airport,Limnos,Greece,LXS,LGLM,39.917098999,25.236299514799995,14,2.0,E,Europe/Athens,airport,OurAirports
1468,Mikonos Airport,Mykonos,Greece,JMK,LGMK,37.43510055541992,25.348100662231445,405,2.0,E,Europe/Athens,airport,OurAirports
1469,Mytilene International Airport,Mytilini,Greece,MJT,LGMT,39.0567016602,26.5983009338,60,2.0,E,Europe/Athens,airport,OurAirports
1470,Aktion National Airport,Preveza,Greece,PVK,LGPZ,38.92549896240234,20.765300750732425,11,2.0,E,Europe/Athens,airport,OurAirports
1472,Diagoras Airport,Rhodos,Greece,RHO,LGRP,36.405399322509766,28.086200714111328,17,2.0,E,Europe/Athens,airport,OurAirports
1473,Araxos Airport,Patras,Greece,GPA,LGRX,38.1511,21.4256,46,2.0,E,Europe/Athens,airport,OurAirports
1474,Chania International Airport,Chania,Greece,CHQ,LGSA,35.531700134277344,24.14970016479492,490,2.0,E,Europe/Athens,airport,OurAirports
1475,Skiathos Island National Airport,Skiathos,Greece,JSI,LGSK,39.17710113525391,23.503700256347656,54,2.0,E,Europe/Athens,airport,OurAirports
1476,Samos Airport,Samos,Greece,SMI,LGSM,37.68999862670898,26.911699295043945,19,2.0,E,Europe/Athens,airport,OurAirports
1479,Santorini Airport,Thira,Greece,JTR,LGSR,36.399200439453125,25.47929954528809,127,2.0,E,Europe/Athens,airport,OurAirports
1480,Sitia Airport,Sitia,Greece,JSH,LGST,35.21609878540039,26.101299285888672,376,2.0,E,Europe/Athens,airport,OurAirports
1482,Skiros Airport,Skiros,Greece,SKU,LGSY,38.9676017761,24.4871997833,44,2.0,E,Europe/Athens,airport,OurAirports
1486,Thessaloniki Macedonia International Airport,Thessaloniki,Greece,SKG,LGTS,40.51969909667969,22.97089958190918,22,2.0,E,Europe/Athens,airport,OurAirports
1488,"Zakynthos International Airport ""Dionysios Solomos""",Zakynthos,Greece,ZTH,LGZA,37.7509,20.8843,15,2.0,E,Europe/Athens,airport,OurAirports
1489,Budapest Liszt Ferenc International Airport,Budapest,Hungary,BUD,LHBP,47.42976,19.261093,495,1.0,E,Europe/Budapest,airport,OurAirports
1490,Debrecen International Airport,Debrecen,Hungary,DEB,LHDC,47.48889923095703,21.61529922485352,359,1.0,E,Europe/Budapest,airport,OurAirports
1501,Bari Karol Wojtyła Airport,Bari,Italy,BRI,LIBD,41.138901,16.760599,177,1.0,E,Europe/Rome,airport,OurAirports
1505,Pescara International Airport,Pescara,Italy,PSR,LIBP,42.431702,14.1811,48,1.0,E,Europe/Rome,airport,OurAirports
1506,Brindisi – Salento Airport,Brindisi,Italy,BDS,LIBR,40.6576,17.947001,47,1.0,E,Europe/Rome,airport,OurAirports
1508,Lamezia Terme Airport,Lamezia,Italy,SUF,LICA,38.905399,16.2423,39,1.0,E,Europe/Rome,airport,OurAirports
1509,Catania-Fontanarossa Airport,Catania,Italy,CTA,LICC,37.466801,15.0664,39,1.0,E,Europe/Rome,airport,OurAirports
1510,Lampedusa Airport,Lampedusa,Italy,LMP,LICD,35.497898,12.6181,70,1.0,E,Europe/Rome,airport,OurAirports
1511,Pantelleria Airport,Pantelleria,Italy,PNL,LICG,36.816502,11.9689,628,1.0,E,Europe/Rome,airport,OurAirports
1512,Falcone–Borsellino Airport,Palermo,Italy,PMO,LICJ,38.175999,13.091,65,1.0,E,Europe/Rome,airport,OurAirports
1514,Reggio Calabria Airport,Reggio Calabria,Italy,REG,LICR,38.071201,15.6516,96,1.0,E,Europe/Rome,airport,OurAirports
1515,Vincenzo Florio Airport Trapani-Birgi,Trapani,Italy,TPS,LICT,37.9114,12.488,25,1.0,E,Europe/Rome,airport,OurAirports
1517,Alghero-Fertilia Airport,Alghero,Italy,AHO,LIEA,40.632099,8.29077,87,1.0,E,Europe/Rome,airport,OurAirports
1519,Cagliari Elmas Airport,Cagliari,Italy,CAG,LIEE,39.251499,9.05428,13,1.0,E,Europe/Rome,airport,OurAirports
1520,Olbia Costa Smeralda Airport,Olbia,Italy,OLB,LIEO,40.898701,9.51763,37,1.0,E,Europe/Rome,airport,OurAirports
1524,Malpensa International Airport,Milano,Italy,MXP,LIMC,45.6306,8.72811,768,1.0,E,Europe/Rome,airport,OurAirports
1525,Il Caravaggio International Airport,Bergamo,Italy,BGY,LIME,45.673901,9.70417,782,1.0,E,Europe/Rome,airport,OurAirports
1526,Turin Airport,Torino,Italy,TRN,LIMF,45.200802,7.64963,989,1.0,E,Europe/Rome,airport,OurAirports
1528,Genoa Cristoforo Colombo Airport,Genoa,Italy,GOA,LIMJ,44.4133,8.8375,13,1.0,E,Europe/Rome,airport,OurAirports
1529,Milano Linate Airport,Milan,Italy,LIN,LIML,45.445099,9.27674,353,1.0,E,Europe/Rome,airport,OurAirports
1531,Parma Airport,Parma,Italy,PMF,LIMP,44.824501,10.2964,161,1.0,E,Europe/Rome,airport,OurAirports
1534,Cuneo International Airport,Cuneo,Italy,CUF,LIMZ,44.547001,7.62322,1267,1.0,E,Europe/Rome,airport,OurAirports
1536,Bolzano Airport,Bolzano,Italy,BZO,LIPB,46.460201,11.3264,789,1.0,E,Europe/Rome,airport,OurAirports
1538,Bologna Guglielmo Marconi Airport,Bologna,Italy,BLQ,LIPE,44.5354,11.2887,123,1.0,E,Europe/Rome,airport,OurAirports
1539,Treviso-Sant'Angelo Airport,Treviso,Italy,TSF,LIPH,45.648399,12.1944,59,1.0,E,Europe/Rome,airport,OurAirports
1545,Trieste–Friuli Venezia Giulia Airport,Ronchi De Legionari,Italy,TRS,LIPQ,45.827499,13.4722,39,1.0,E,Europe/Rome,airport,OurAirports
1546,Federico Fellini International Airport,Rimini,Italy,RMI,LIPR,44.020302,12.6117,40,1.0,E,Europe/Rome,airport,OurAirports
1550,Verona Villafranca Airport,Villafranca,Italy,VRN,LIPX,45.395699,10.8885,239,1.0,E,Europe/Rome,airport,OurAirports
1551,Venice Marco Polo Airport,Venice,Italy,VCE,LIPZ,45.505299,12.3519,7,1.0,E,Europe/Rome,airport,OurAirports
1553,Ciampino–G. B. Pastine International Airport,Rome,Italy,CIA,LIRA,41.7994,12.5949,427,1.0,E,Europe/Rome,airport,OurAirports
1555,Leonardo da Vinci–Fiumicino Airport,Rome,Italy,FCO,LIRF,41.8002778,12.2388889,13,1.0,E,Europe/Rome,airport,OurAirports
1558,Marina Di Campo Airport,Marina Di Campo,Italy,EBA,LIRJ,42.7603,10.2394,31,1.0,E,Europe/Rome,airport,OurAirports
1561,Naples International Airport,Naples,Italy,NAP,LIRN,40.886002,14.2908,294,1.0,E,Europe/Rome,airport,OurAirports
1562,Pisa International Airport,Pisa,Italy,PSA,LIRP,43.683899,10.3927,6,1.0,E,Europe/Rome,airport,OurAirports
1563,Peretola Airport,Florence,Italy,FLR,LIRQ,43.810001,11.2051,142,1.0,E,Europe/Rome,airport,OurAirports
1567,Perugia San Francesco d'Assisi – Umbria International Airport,Perugia,Italy,PEG,LIRZ,43.095901,12.5132,697,1.0,E,Europe/Rome,airport,OurAirports
1569,Ljubljana Jože Pučnik Airport,Ljubljana,Slovenia,LJU,LJLJ,46.223701,14.4576,1273,1.0,E,Europe/Ljubljana,airport,OurAirports
1579,Karlovy Vary International Airport,Karlovy Vary,Czech Republic,KLV,LKKV,50.20299911499024,12.914999961853027,1989,1.0,E,Europe/Prague,airport,OurAirports
1582,Ostrava Leos Janáček Airport,Ostrava,Czech Republic,OSR,LKMT,49.6963005065918,18.111099243164062,844,1.0,E,Europe/Prague,airport,OurAirports
1584,Pardubice Airport,Pardubice,Czech Republic,PED,LKPD,50.01340103149414,15.73859977722168,741,1.0,E,Europe/Prague,airport,OurAirports
1587,Václav Havel Airport Prague,Prague,Czech Republic,PRG,LKPR,50.1008,14.26,1247,1.0,E,Europe/Prague,airport,OurAirports
1588,Brno-Tuřany Airport,Brno,Czech Republic,BRQ,LKTB,49.15129852294922,16.694400787353516,778,1.0,E,Europe/Prague,airport,OurAirports
1606,Malta International Airport,Malta,Malta,MLA,LMML,35.857498,14.4775,300,1.0,E,Europe/Malta,airport,OurAirports
1609,Graz Airport,Graz,Austria,GRZ,LOWG,46.9911003112793,15.439599990844728,1115,1.0,E,Europe/Vienna,airport,OurAirports
1610,Innsbruck Airport,Innsbruck,Austria,INN,LOWI,47.260201,11.344,1907,1.0,E,Europe/Vienna,airport,OurAirports
1611,Linz Hörsching Airport,Linz,Austria,LNZ,LOWL,48.2332,14.1875,980,1.0,E,Europe/Vienna,airport,OurAirports
1612,Salzburg Airport,Salzburg,Austria,SZG,LOWS,47.7933006287,13.0043001175,1411,1.0,E,Europe/Vienna,airport,OurAirports
1613,Vienna International Airport,Vienna,Austria,VIE,LOWW,48.110298156738,16.569700241089,600,1.0,E,Europe/Vienna,airport,OurAirports
1626,Faro Airport,Faro,Portugal,FAO,LPFR,37.0144004822,-7.96590995789,24,0.0,E,Europe/Lisbon,airport,OurAirports
1636,Francisco de Sá Carneiro Airport,Porto,Portugal,OPO,LPPR,41.2481002808,-8.68138980865,228,0.0,E,Europe/Lisbon,airport,OurAirports
1637,Porto Santo Airport,Porto Santo,Portugal,PXO,LPPS,33.0733985901,-16.3500003815,341,0.0,E,Europe/Lisbon,airport,OurAirports
1638,Humberto Delgado Airport (Lisbon Portela Airport),Lisbon,Portugal,LIS,LPPT,38.7813,-9.13592,374,0.0,E,Europe/Lisbon,airport,OurAirports
1645,Mostar International Airport,Mostar,Bosnia and Herzegovina,OMO,LQMO,43.282901763916016,17.84589958190918,156,1.0,E,Europe/Sarajevo,airport,OurAirports
1646,Sarajevo International Airport,Sarajevo,Bosnia and Herzegovina,SJJ,LQSA,43.82460021972656,18.331499099731445,1708,1.0,E,Europe/Sarajevo,airport,OurAirports
1647,Arad International Airport,Arad,Romania,ARW,LRAR,46.17660140991211,21.261999130249023,352,2.0,E,Europe/Bucharest,airport,OurAirports
1649,Tautii Magheraus Airport,Baia Mare,Romania,BAY,LRBM,47.65840148925781,23.46999931335449,605,2.0,E,Europe/Bucharest,airport,OurAirports
1651,Mihail Kogălniceanu International Airport,Constanta,Romania,CND,LRCK,44.36220169067383,28.488300323486328,353,2.0,E,Europe/Bucharest,airport,OurAirports
1652,Cluj-Napoca International Airport,Cluj-napoca,Romania,CLJ,LRCL,46.78519821166992,23.686199188232425,1036,2.0,E,Europe/Bucharest,airport,OurAirports
1654,Craiova Airport,Craiova,Romania,CRA,LRCV,44.31809997558594,23.888599395751957,626,2.0,E,Europe/Bucharest,airport,OurAirports
1655,Iaşi Airport,Iasi,Romania,IAS,LRIA,47.17850112915039,27.6205997467041,397,2.0,E,Europe/Bucharest,airport,OurAirports
1656,Oradea International Airport,Oradea,Romania,OMR,LROD,47.025299072265625,21.90250015258789,465,2.0,E,Europe/Bucharest,airport,OurAirports
1657,Henri Coandă International Airport,Bucharest,Romania,OTP,LROP,44.5711111,26.085,314,2.0,E,Europe/Bucharest,airport,OurAirports
1658,Sibiu International Airport,Sibiu,Romania,SBZ,LRSB,45.78559875488281,24.09129905700684,1496,2.0,E,Europe/Bucharest,airport,OurAirports
1659,Satu Mare Airport,Satu Mare,Romania,SUJ,LRSM,47.70330047607422,22.88570022583008,405,2.0,E,Europe/Bucharest,airport,OurAirports
1662,Transilvania Târgu Mureş International Airport,Tirgu Mures,Romania,TGM,LRTM,46.46770095825195,24.412500381469727,963,2.0,E,Europe/Bucharest,airport,OurAirports
1663,Timişoara Traian Vuia Airport,Timisoara,Romania,TSR,LRTR,45.80989837646485,21.337900161743164,348,2.0,E,Europe/Bucharest,airport,OurAirports
1665,Geneva Cointrin International Airport,Geneva,Switzerland,GVA,LSGG,46.23809814453125,6.108950138092041,1411,1.0,E,Europe/Paris,airport,OurAirports
1675,Lugano Airport,Lugano,Switzerland,LUG,LSZA,46.00429916379999,8.9105796814,915,1.0,E,Europe/Zurich,airport,OurAirports
1676,Bern Belp Airport,Bern,Switzerland,BRN,LSZB,46.914100647,7.497149944309999,1674,1.0,E,Europe/Zurich,airport,OurAirports
1678,Zürich Airport,Zurich,Switzerland,ZRH,LSZH,47.464699,8.54917,1416,1.0,E,Europe/Zurich,airport,OurAirports
1679,St Gallen Altenrhein Airport,Altenrhein,Switzerland,ACH,LSZR,47.4850006104,9.560770034789998,1306,1.0,E,Europe/Zurich,airport,OurAirports
1682,Esenboğa International Airport,Ankara,Turkey,ESB,LTAC,40.1281013489,32.995098114,3125,3.0,E,Europe/Istanbul,airport,OurAirports
1685,Adana Airport,Adana,Turkey,ADA,LTAF,36.9822006226,35.2803993225,65,3.0,E,Europe/Istanbul,airport,OurAirports
1688,Antalya International Airport,Antalya,Turkey,AYT,LTAI,36.898701,30.800501,177,3.0,E,Europe/Istanbul,airport,OurAirports
1689,Gaziantep International Airport,Gaziantep,Turkey,GZT,LTAJ,36.9472007751,37.4786987305,2315,3.0,E,Europe/Istanbul,airport,OurAirports
1691,Konya Airport,Konya,Turkey,KYA,LTAN,37.979,32.561901,3392,3.0,E,Europe/Istanbul,airport,OurAirports
1693,Amasya Merzifon Airport,Merzifon,Turkey,MZH,LTAP,40.829399,35.521999,1758,3.0,E,Europe/Istanbul,airport,OurAirports
1694,Sivas Nuri Demirağ Airport,Sivas,Turkey,VAS,LTAR,39.813801,36.9035,5239,3.0,E,Europe/Istanbul,airport,OurAirports
1695,Malatya Erhaç Airport,Malatya,Turkey,MLX,LTAT,38.4352989197,38.0909996033,2828,3.0,E,Europe/Istanbul,airport,OurAirports
1696,Kayseri Erkilet Airport,Kayseri,Turkey,ASR,LTAU,38.770401001,35.4953994751,3463,3.0,E,Europe/Istanbul,airport,OurAirports
1699,Çardak Airport,Denizli,Turkey,DNZ,LTAY,37.7855987549,29.7012996674,2795,3.0,E,Europe/Istanbul,airport,OurAirports
1706,Adnan Menderes International Airport,Izmir,Turkey,ADB,LTBJ,38.2924003601,27.156999588,412,3.0,E,Europe/Istanbul,airport,OurAirports
1713,Cengiz Topel Airport,Topel,Turkey,KCO,LTBQ,40.73500061035156,30.08329963684082,182,3.0,E,Europe/Istanbul,airport,OurAirports
1715,Dalaman International Airport,Dalaman,Turkey,DLM,LTBS,36.7131004333,28.7924995422,20,3.0,E,Europe/Istanbul,airport,OurAirports
1721,Elazığ Airport,Elazig,Turkey,EZS,LTCA,38.6068992615,39.2914009094,2927,3.0,E,Europe/Istanbul,airport,OurAirports
1722,Diyarbakir Airport,Diyabakir,Turkey,DIY,LTCC,37.893901825,40.2010002136,2251,3.0,E,Europe/Istanbul,airport,OurAirports
1723,Erzincan Airport,Erzincan,Turkey,ERC,LTCD,39.7102012634,39.5270004272,3783,3.0,E,Europe/Istanbul,airport,OurAirports
1724,Erzurum International Airport,Erzurum,Turkey,ERZ,LTCE,39.9565010071,41.17020034789999,5763,3.0,E,Europe/Istanbul,airport,OurAirports
1726,Trabzon International Airport,Trabzon,Turkey,TZX,LTCG,40.99509811401367,39.78969955444336,104,3.0,E,Europe/Istanbul,airport,OurAirports
1728,Van Ferit Melen Airport,Van,Turkey,VAN,LTCI,38.46820068359375,43.332298278808594,5480,3.0,E,Europe/Istanbul,airport,OurAirports
1729,Batman Airport,Batman,Turkey,BAL,LTCJ,37.9290008545,41.1166000366,1822,3.0,E,Europe/Istanbul,airport,OurAirports
1735,Chişinău International Airport,Chisinau,Moldova,KIV,LUKK,46.92770004272461,28.93099975585937,399,2.0,E,Europe/Chisinau,airport,OurAirports
1737,Skopje Alexander the Great Airport,Skopje,Macedonia,SKP,LWSK,41.961601,21.621401,781,1.0,E,Europe/Skopje,airport,OurAirports
1738,Gibraltar Airport,Gibraltar,Gibraltar,GIB,LXGB,36.1511993408,-5.3496599197400005,15,1.0,N,Europe/Gibraltar,airport,OurAirports
1739,Belgrade Nikola Tesla Airport,Belgrade,Serbia,BEG,LYBE,44.8184013367,20.3090991974,335,1.0,E,Europe/Belgrade,airport,OurAirports
1741,Podgorica Airport,Podgorica,Montenegro,TGD,LYPG,42.359402,19.2519,141,1.0,E,Europe/Podgorica,airport,OurAirports
1742,Priština International Airport,Pristina,Serbia,PRN,BKPR,42.5728,21.035801,1789,1.0,E,Europe/Belgrade,airport,OurAirports
1743,Tivat Airport,Tivat,Montenegro,TIV,LYTV,42.40470123291016,18.72330093383789,20,1.0,E,Europe/Podgorica,airport,OurAirports
1745,M. R. Štefánik Airport,Bratislava,Slovakia,BTS,LZIB,48.17020034790039,17.21269989013672,436,1.0,E,Europe/Bratislava,airport,OurAirports
1746,Košice Airport,Kosice,Slovakia,KSC,LZKZ,48.66310119628906,21.241100311279297,755,1.0,E,Europe/Bratislava,airport,OurAirports
2939,Boryspil International Airport,Kiev,Ukraine,KBP,UKBB,50.345001220703125,30.894699096679688,427,2.0,E,Europe/Kiev,airport,OurAirports
2940,Donetsk International Airport,Donetsk,Ukraine,DOK,UKCC,48.07360076904297,37.73970031738281,791,2.0,E,Europe/Kiev,airport,OurAirports
2941,Dnipropetrovsk International Airport,Dnepropetrovsk,Ukraine,DNK,UKDD,48.357200622558594,35.10060119628906,481,2.0,E,Europe/Kiev,airport,OurAirports
2942,Simferopol International Airport,Simferopol,Ukraine,SIP,UKFF,45.05220031738281,33.975101470947266,639,3.0,E,Europe/Simferopol,airport,OurAirports
2944,Kiev Zhuliany International Airport,Kiev,Ukraine,IEV,UKKK,50.40194,30.45194,587,2.0,E,Europe/Kiev,airport,OurAirports
2945,Lviv International Airport,Lvov,Ukraine,LWO,UKLL,49.8125,23.956100463867188,1071,2.0,E,Europe/Kiev,airport,OurAirports
2947,Odessa International Airport,Odessa,Ukraine,ODS,UKOO,46.42679977416992,30.67650032043457,172,2.0,E,Europe/Kiev,airport,OurAirports
2948,Pulkovo Airport,St. Petersburg,Russia,LED,ULLI,59.80030059814453,30.262500762939453,78,3.0,N,Europe/Moscow,airport,OurAirports
2949,Murmansk Airport,Murmansk,Russia,MMK,ULMM,68.78170013427734,32.75080108642578,266,3.0,N,Europe/Moscow,airport,OurAirports
2952,Khrabrovo Airport,Kaliningrad,Russia,KGD,UMKK,54.88999938964844,20.59259986877441,42,2.0,N,Europe/Kaliningrad,airport,OurAirports
2954,Minsk National Airport,Minsk 2,Belarus,MSQ,UMMS,53.882499694824,28.030700683594,670,3.0,E,Europe/Minsk,airport,OurAirports
2960,Krasnodar Pashkovsky International Airport,Krasnodar,Russia,KRR,URKK,45.034698486328,39.170501708984,118,3.0,N,Europe/Moscow,airport,OurAirports
2961,Uytash Airport,Makhachkala,Russia,MCX,URML,42.81679916381836,47.65230178833008,12,3.0,N,Europe/Moscow,airport,OurAirports
2962,Mineralnyye Vody Airport,Mineralnye Vody,Russia,MRV,URMM,44.22510147094727,43.08190155029297,1054,3.0,N,Europe/Moscow,airport,OurAirports
2963,Stavropol Shpakovskoye Airport,Stavropol,Russia,STW,URMT,45.10919952392578,42.11280059814453,1486,3.0,N,Europe/Moscow,airport,OurAirports
2964,Platov International Airport,Rostov,Russia,ROV,URRP,47.493888,39.924722,213,3.0,N,Europe/Moscow,airport,OurAirports
2965,Sochi International Airport,Sochi,Russia,AER,URSS,43.449902,39.9566,89,3.0,N,Europe/Moscow,airport,OurAirports
2966,Astrakhan Airport,Astrakhan,Russia,ASF,URWA,46.2832984924,48.0063018799,-65,4.0,N,Europe/Samara,airport,OurAirports
2967,Volgograd International Airport,Volgograd,Russia,VOG,URWW,48.782501220703125,44.34550094604492,482,3.0,N,Europe/Moscow,airport,OurAirports
2985,Sheremetyevo International Airport,Moscow,Russia,SVO,UUEE,55.972599,37.4146,622,3.0,N,Europe/Moscow,airport,OurAirports
2987,Voronezh International Airport,Voronezh,Russia,VOZ,UUOO,51.81420135498047,39.22959899902344,514,3.0,N,Europe/Moscow,airport,OurAirports
2988,Vnukovo International Airport,Moscow,Russia,VKO,UUWW,55.5914993286,37.2615013123,685,3.0,N,Europe/Moscow,airport,OurAirports
2989,Syktyvkar Airport,Syktyvkar,Russia,SCW,UUYY,61.64699935913086,50.84510040283203,342,3.0,N,Europe/Moscow,airport,OurAirports
2990,Kazan International Airport,Kazan,Russia,KZN,UWKD,55.606201171875,49.278701782227,411,3.0,N,Europe/Moscow,airport,OurAirports
2993,Kurumoch International Airport,Samara,Russia,KUF,UWWW,53.504901885986,50.16429901123,477,4.0,N,Europe/Samara,airport,OurAirports
3410,Borg El Arab International Airport,Alexandria,Egypt,HBE,HEBA,30.917699813842773,29.696399688720703,177,2.0,U,Africa/Cairo,airport,OurAirports
3941,Eleftherios Venizelos International Airport,Athens,Greece,ATH,LGAV,37.9364013672,23.9444999695,308,2.0,E,Europe/Athens,airport,OurAirports
3953,Riga International Airport,Riga,Latvia,RIX,EVRA,56.92359924316406,23.971099853515625,36,2.0,E,Europe/Riga,airport,OurAirports
3956,Kaunas International Airport,Kaunas,Lithuania,KUN,EYKA,54.96390151977539,24.084800720214844,256,2.0,E,Europe/Vilnius,airport,OurAirports
3958,Palanga International Airport,Palanga,Lithuania,PLQ,EYPA,55.97320175170898,21.093900680541992,33,2.0,E,Europe/Vilnius,airport,OurAirports
3959,Vilnius International Airport,Vilnius,Lithuania,VNO,EYVI,54.634102,25.285801,648,2.0,E,Europe/Vilnius,airport,OurAirports
3967,Asmara International Airport,Asmara,Eritrea,ASM,HHAS,15.291899681091309,38.91070175170898,7661,3.0,U,Africa/Asmera,airport,OurAirports
3968,Massawa International Airport,Massawa,Eritrea,MSW,HHMS,15.670000076293944,39.37009811401367,194,3.0,U,Africa/Asmera,airport,OurAirports
3986,Memmingen Allgau Airport,Memmingen,Germany,FMM,EDJA,47.9888000488,10.2395000458,2077,1.0,E,Europe/Berlin,airport,OurAirports
3987,Nevşehir Kapadokya Airport,Nevsehir,Turkey,NAV,LTAZ,38.7719,34.5345,3100,3.0,E,Europe/Istanbul,airport,OurAirports
3998,Palma De Mallorca Airport,Palma de Mallorca,Spain,PMI,LEPA,39.551700592,2.73881006241,27,1.0,E,Europe/Madrid,airport,OurAirports
4029,Domodedovo International Airport,Moscow,Russia,DME,UUDD,55.40879821777344,37.90629959106445,588,3.0,N,Europe/Moscow,airport,OurAirports
4057,Sharm El Sheikh International Airport,Sharm El Sheikh,Egypt,SSH,HESH,27.9773006439,34.3950004578,143,2.0,N,Africa/Cairo,airport,OurAirports
4059,Jomo Kenyatta International Airport,Nairobi,Kenya,NBO,HKJK,-1.31923997402,36.9277992249,5330,3.0,N,Africa/Nairobi,airport,OurAirports
4091,Madeira Airport,Funchal,Portugal,FNC,LPMA,32.697899,-16.7745,192,0.0,E,Europe/Lisbon,airport,OurAirports
4105,Hosea Kutako International Airport,Windhoek,Namibia,WDH,FYWH,-22.4799,17.4709,5640,1.0,S,Africa/Windhoek,airport,OurAirports
4119,Djibouti-Ambouli Airport,Djibouti,Djibouti,JIB,HDAM,11.547300338745115,43.15950012207031,49,3.0,U,Africa/Djibouti,airport,OurAirports
4160,Bol Airport,Brac,Croatia,BWK,LDSB,43.28570175170898,16.67970085144043,1776,1.0,E,Europe/Zagreb,airport,OurAirports
4161,Yaoundé Nsimalen International Airport,Yaounde,Cameroon,NSI,FKYS,3.722559928894043,11.553299903869627,2278,1.0,N,Africa/Douala,airport,OurAirports
4162,Conakry International Airport,Conakry,Guinea,CKY,GUCY,9.57689,-13.612,72,0.0,N,Africa/Conakry,airport,OurAirports
4166,Karlsruhe Baden-Baden Airport,Karlsruhe/Baden-Baden,Germany,FKB,EDSB,48.7793998718,8.08049964905,408,1.0,E,Europe/Berlin,airport,OurAirports
4190,Astypalaia Airport,Astypalaia,Greece,JTY,LGPL,36.5798988342,26.3757991791,165,2.0,E,Europe/Athens,airport,OurAirports
4191,Ikaria Airport,Ikaria,Greece,JIK,LGIK,37.6827011108,26.3470993042,79,2.0,E,Europe/Athens,airport,OurAirports
4192,Kalymnos Airport,Kalymnos,Greece,JKL,LGKY,36.9632987976,26.9405994415,771,2.0,E,Europe/Athens,airport,OurAirports
4193,Milos Airport,Milos,Greece,MLO,LGML,36.696899,24.4769,10,2.0,E,Europe/Athens,airport,OurAirports
4194,Naxos Airport,Cyclades Islands,Greece,JNX,LGNX,37.0811004639,25.3680992126,10,2.0,E,Europe/Athens,airport,OurAirports
4195,Paros National Airport,Paros,Greece,PAS,LGPA,37.020495,25.113195,131,2.0,E,Europe/Athens,airport,OurAirports
4196,Kastelorizo Airport,Kastelorizo,Greece,KZS,LGKJ,36.1417007446,29.576400756799995,489,2.0,E,Europe/Athens,airport,OurAirports
4197,Marsa Alam International Airport,Marsa Alam,Egypt,RMF,HEMA,25.557100296,34.5836982727,251,2.0,U,Africa/Cairo,airport,OurAirports
4198,Weeze Airport,Weeze,Germany,NRN,EDLV,51.6024017334,6.14216995239,106,1.0,E,Europe/Berlin,airport,OurAirports
4252,Stokmarknes Skagen Airport,Stokmarknes,Norway,SKN,ENSK,68.578826904297,15.033416748047,11,1.0,E,Europe/Oslo,airport,OurAirports
4274,Nizhny Novgorod Strigino International Airport,Nizhniy Novgorod,Russia,GOJ,UWGG,56.230098724365,43.784000396729,256,3.0,N,Europe/Moscow,airport,OurAirports
4309,Ancona Falconara Airport,Ancona,Italy,AOI,LIPY,43.616299,13.3623,49,1.0,E,Europe/Rome,airport,OurAirports
4315,Milas Bodrum International Airport,Bodrum,Turkey,BJV,LTFE,37.25059890749999,27.6643009186,21,3.0,E,Europe/Istanbul,airport,OurAirports
4317,Sabiha Gökçen International Airport,Istanbul,Turkey,SAW,LTFJ,40.898601532,29.3092002869,312,3.0,E,Europe/Istanbul,airport,OurAirports
4322,Klagenfurt Airport,Klagenfurt,Austria,KLU,LOWK,46.642502,14.3377,1472,1.0,E,Europe/Vienna,airport,OurAirports
4325,Hammerfest Airport,Hammerfest,Norway,HFT,ENHF,70.679702758789,23.668600082397,266,1.0,E,Europe/Oslo,airport,OurAirports
4326,Valan Airport,Honningsvag,Norway,HVG,ENHV,71.009696960449,25.983600616455,44,1.0,E,Europe/Oslo,airport,OurAirports
4327,Mehamn Airport,Mehamn,Norway,MEH,ENMH,71.02970123291,27.826700210571,39,1.0,E,Europe/Oslo,airport,OurAirports
4328,Vadsø Airport,Vadsø,Norway,VDS,ENVD,70.065299987793,29.844699859619,127,1.0,E,Europe/Oslo,airport,OurAirports
4345,"Ørsta-Volda Airport, Hovden",Orsta-Volda,Norway,HOV,ENOV,62.180000305176,6.0741000175476,243,1.0,E,Europe/Oslo,airport,OurAirports
4347,St. Mary's Airport,ST MARY\'S,United Kingdom,ISC,EGHE,49.91329956054688,-6.291669845581055,116,0.0,E,Europe/London,airport,OurAirports
4349,Narvik Framnes Airport,Narvik,Norway,NVK,ENNK,68.436897277832,17.386699676514,95,1.0,E,Europe/Oslo,airport,OurAirports
4350,Berlevåg Airport,Berlevag,Norway,BVG,ENBV,70.871399,29.034201,42,1.0,E,Europe/Oslo,airport,OurAirports
4353,Anapa Vityazevo Airport,Anapa,Russia,AAQ,URKA,45.002101898193,37.347301483154,174,3.0,N,Europe/Moscow,airport,OurAirports
4362,Talagi Airport,Arkhangelsk,Russia,ARH,ULAA,64.60030364990234,40.71670150756836,62,3.0,N,Europe/Moscow,airport,OurAirports
4363,Saratov Central Airport,Saratov,Russia,RTW,UWSS,51.56499862670898,46.04669952392578,499,3.0,N,Europe/Moscow,airport,OurAirports
4368,Ukhta Airport,Ukhta,Russia,UCT,UUYH,63.56689834594727,53.8046989440918,482,3.0,N,Europe/Moscow,airport,OurAirports
4369,Usinsk Airport,Usinsk,Russia,USK,UUYS,66.00469970703125,57.3671989440918,262,3.0,N,Europe/Moscow,airport,OurAirports
4371,Naryan Mar Airport,Naryan-Mar,Russia,NNM,ULAM,67.63999938964844,53.12189865112305,36,3.0,N,Europe/Moscow,airport,OurAirports
5552,Batna Airport,Batna,Algeria,BLJ,DABT,35.7521018982,6.308589935300001,2697,1.0,N,Africa/Algiers,airport,OurAirports
5553,Béchar Boudghene Ben Ali Lotfi Airport,Béchar,Algeria,CBH,DAOR,31.645700454711918,-2.269860029220581,2661,1.0,N,Africa/Algiers,airport,OurAirports
5554,Bordj Badji Mokhtar Airport,Bordj Badji Mokhtar,Algeria,BMW,DATM,21.375,0.923888981342,1303,1.0,N,Africa/Algiers,airport,OurAirports
5555,Guemar Airport,Guemar,Algeria,ELU,DAUO,33.5113983154,6.77679014206,203,1.0,N,Africa/Algiers,airport,OurAirports
5556,Kumasi Airport,Kumasi,Ghana,KMS,DGSI,6.714560031890869,-1.5908199548721311,942,0.0,N,Africa/Accra,airport,OurAirports
5557,Heringsdorf Airport,Heringsdorf,Germany,HDF,EDAH,53.8787002563,14.152299881,93,1.0,E,Europe/Berlin,airport,OurAirports
5562,Robin Hood Doncaster Sheffield Airport,"Doncaster, Sheffield",United Kingdom,DSA,EGCN,53.4805378105,-1.01065635681,55,0.0,E,Europe/London,airport,OurAirports
5563,Campbeltown Airport,Campbeltown,United Kingdom,CAL,EGEC,55.437198638916016,-5.686389923095703,42,0.0,E,Europe/London,airport,OurAirports
5564,Eday Airport,Eday,United Kingdom,EOI,EGED,59.19060134887695,-2.7722198963165283,10,0.0,E,Europe/London,airport,OurAirports
5566,North Ronaldsay Airport,North Ronaldsay,United Kingdom,NRL,EGEN,59.3675003052,-2.43443989754,40,0.0,E,Europe/London,airport,OurAirports
5567,Papa Westray Airport,Papa Westray,United Kingdom,PPW,EGEP,59.351699829100006,-2.9002799987800003,91,0.0,E,Europe/London,airport,OurAirports
5568,Stronsay Airport,Stronsay,United Kingdom,SOY,EGER,59.1553001404,-2.64139008522,39,0.0,E,Europe/London,airport,OurAirports
5569,Sanday Airport,Sanday,United Kingdom,NDY,EGES,59.250301361083984,-2.576669931411743,68,0.0,E,Europe/London,airport,OurAirports
5571,Westray Airport,Westray,United Kingdom,WRY,EGEW,59.3502998352,-2.95000004768,29,0.0,E,Europe/London,airport,OurAirports
5572,Land's End Airport,Land's End,United Kingdom,LEQ,EGHC,50.102798,-5.67056,398,0.0,E,Europe/London,airport,OurAirports
5574,Anglesey Airport,Angelsey,United Kingdom,VLY,EGOV,53.2481002808,-4.53533983231,37,0.0,E,Europe/London,airport,OurAirports
5575,Barra Airport,Barra,United Kingdom,BRR,EGPR,57.0228,-7.44306,5,0.0,E,Europe/London,airport,OurAirports
5577,Donegal Airport,Dongloe,Ireland,CFN,EIDL,55.0442008972168,-8.340999603271484,30,0.0,E,Europe/Dublin,airport,OurAirports
5580,Leknes Airport,Leknes,Norway,LKN,ENLK,68.152496337891,13.609399795532,78,1.0,E,Europe/Oslo,airport,OurAirports
5581,Namsos Høknesøra Airport,Namsos,Norway,OSY,ENNM,64.472198486328,11.57859992981,7,1.0,E,Europe/Oslo,airport,OurAirports
5582,"Mo i Rana Airport, Røssvoll",Mo i Rana,Norway,MQN,ENRA,66.363899230957,14.301400184631,229,1.0,E,Europe/Oslo,airport,OurAirports
5583,"Rørvik Airport, Ryum",Rørvik,Norway,RVK,ENRM,64.838302612305,11.14610004425,14,1.0,E,Europe/Oslo,airport,OurAirports
5584,Røst Airport,Røst,Norway,RET,ENRS,67.527801513672,12.103300094604,7,1.0,E,Europe/Oslo,airport,OurAirports
5585,Sandane Airport (Anda),Sandane,Norway,SDN,ENSD,61.830001831055,6.1058301925659,196,1.0,E,Europe/Oslo,airport,OurAirports
5586,Sogndal Airport,Sogndal,Norway,SOG,ENSG,61.156101,7.13778,1633,1.0,E,Europe/Oslo,airport,OurAirports
5587,Svolvær Helle Airport,Svolvær,Norway,SVJ,ENSH,68.243301391602,14.669199943542,27,1.0,E,Europe/Oslo,airport,OurAirports
5588,Sørkjosen Airport,Sorkjosen,Norway,SOJ,ENSR,69.786796569824,20.959400177002,16,1.0,E,Europe/Oslo,airport,OurAirports
5589,"Vardø Airport, Svartnes",Vardø,Norway,VAW,ENSS,70.355400085449,31.044900894165,42,1.0,E,Europe/Oslo,airport,OurAirports
5591,Bydgoszcz Ignacy Jan Paderewski Airport,Bydgoszcz,Poland,BZG,EPBY,53.0968017578,17.9776992798,235,1.0,E,Europe/Warsaw,airport,OurAirports
5593,Åre Östersund Airport,Östersund,Sweden,OSD,ESNZ,63.194400787354,14.50030040741,1233,1.0,E,Europe/Stockholm,airport,OurAirports
5594,Hagfors Airport,Hagfors,Sweden,HFS,ESOH,60.02009963989258,13.578900337219238,474,1.0,E,Europe/Stockholm,airport,OurAirports
5595,Karlstad Airport,Karlstad,Sweden,KSD,ESOK,59.4446983337,13.3374004364,352,1.0,E,Europe/Stockholm,airport,OurAirports
5596,Torsby Airport,Torsby,Sweden,TYF,ESST,60.1576004028,12.991299629199998,393,1.0,E,Europe/Stockholm,airport,OurAirports
5597,Ängelholm-Helsingborg Airport,Ängelholm,Sweden,AGH,ESTA,56.29610061645508,12.847100257873535,68,1.0,E,Europe/Stockholm,airport,OurAirports
5599,Hemavan Airport,Hemavan,Sweden,HMV,ESUT,65.80609893798828,15.082799911499023,1503,1.0,E,Europe/Stockholm,airport,OurAirports
5604,Kruger Mpumalanga International Airport,Mpumalanga,South Africa,MQP,FAKN,-25.3831996918,31.1056003571,2829,2.0,U,Africa/Johannesburg,airport,OurAirports
5612,Chipata Airport,Chipata,Zambia,CIP,FLCP,-13.558300018310549,32.58720016479492,3360,2.0,U,Africa/Lusaka,airport,OurAirports
5630,Catumbela Airport,Catumbela,Angola,CBT,FNCT,-12.4792,13.4869,23,1.0,N,Africa/Luanda,airport,OurAirports
5632,Ngjiva Pereira Airport,Ondjiva,Angola,VPE,FNGI,-17.0435009003,15.683799743700002,3566,1.0,N,Africa/Luanda,airport,OurAirports
5633,Namibe Airport,Mocamedes,Angola,MSZ,FNMO,-15.261199951171877,12.14680004119873,210,1.0,N,Africa/Luanda,airport,OurAirports
5637,Chimoio Airport,Chimoio,Mozambique,VPY,FQCH,-19.15130043029785,33.42900085449219,2287,2.0,U,Africa/Maputo,airport,OurAirports
5641,Luderitz Airport,Luderitz,Namibia,LUD,FYLZ,-26.687400817871094,15.242899894714355,457,1.0,S,Africa/Windhoek,airport,OurAirports
5642,Ondangwa Airport,Ondangwa,Namibia,OND,FYOA,-17.878201,15.9526,3599,1.0,S,Africa/Windhoek,airport,OurAirports
5643,Oranjemund Airport,Oranjemund,Namibia,OMD,FYOG,-28.5847,16.446699,14,1.0,S,Africa/Windhoek,airport,OurAirports
5645,Eros Airport,Windhoek,Namibia,ERS,FYWE,-22.612199783325195,17.080400466918945,5575,1.0,S,Africa/Windhoek,airport,OurAirports
5652,Tshikapa Airport,Tshikapa,Congo (Kinshasa),TSH,FZUK,-6.43833,20.794701,1595,2.0,N,Africa/Lubumbashi,airport,OurAirports
5653,Lodja Airport,Lodja,Congo (Kinshasa),LJA,FZVA,-3.4170000553131104,23.450000762939453,1647,2.0,N,Africa/Lubumbashi,airport,OurAirports
5665,Osvaldo Vieira International Airport,Bissau,Guinea-Bissau,OXB,GGOV,11.894800186157228,-15.65369987487793,129,0.0,N,Africa/Bissau,airport,OurAirports
5670,Dakhla Airport,Dakhla,Western Sahara,VIL,GMMH,23.7183,-15.932,36,0.0,N,Africa/El_Aaiun,airport,OurAirports
5671,Mogador Airport,Essadouira,Morocco,ESU,GMMI,31.3974990845,-9.6816701889,384,0.0,N,Africa/Casablanca,airport,OurAirports
5672,Hassan I Airport,El Aaiún,Western Sahara,EUN,GMML,27.151699,-13.2192,207,0.0,N,Africa/El_Aaiun,airport,OurAirports
5673,Nador International Airport,El Aroui,Morocco,NDR,GMMW,34.988800048799995,-3.0282099247,574,0.0,N,Africa/Casablanca,airport,OurAirports
5680,Gode Airport,Gode,Ethiopia,GDE,HAGO,5.93513011932,43.5786018372,834,3.0,U,Africa/Addis_Ababa,airport,OurAirports
5686,Bosaso Airport,Bosaso,Somalia,BSA,HCMF,11.27530002593994,49.14939880371094,3,3.0,U,Africa/Mogadishu,airport,OurAirports
5687,Aden Adde International Airport,Mogadishu,Somalia,MGQ,HCMM,2.014440059661865,45.3046989440918,29,3.0,U,Africa/Mogadishu,airport,OurAirports
5688,Galcaio Airport,Galcaio,Somalia,GLK,HCMR,6.78082990646,47.45470047,975,3.0,U,Africa/Mogadishu,airport,OurAirports
5691,Assiut International Airport,Asyut,Egypt,ATZ,HEAT,27.0464992523,31.0119991302,772,2.0,U,Africa/Cairo,airport,OurAirports
5692,Amboseli Airport,Amboseli National Park,Kenya,ASV,HKAM,-2.645050048828125,37.25310134887695,3755,3.0,U,Africa/Nairobi,airport,OurAirports
5693,Lokichoggio Airport,Lokichoggio,Kenya,LKG,HKLK,4.20412015914917,34.348201751708984,2074,3.0,U,Africa/Nairobi,airport,OurAirports
5694,Malindi Airport,Malindi,Kenya,MYD,HKML,-3.2293100357055664,40.10169982910156,80,3.0,U,Africa/Nairobi,airport,OurAirports
5695,Nanyuki Airport,Nanyuki,Kenya,NYK,HKNY,-0.06239889934659,37.04100799560547,6250,3.0,U,Africa/Nairobi,airport,OurAirports
5696,Gardabya Airport,Sirt,Libya,SRX,HLGD,31.0634994507,16.5949993134,267,2.0,N,Africa/Tripoli,airport,OurAirports
5697,Gamal Abdel Nasser Airport,Tobruk,Libya,TOB,HLGN,31.861,23.907,519,2.0,N,Africa/Tripoli,airport,OurAirports
5699,La Abraq Airport,Al Bayda',Libya,LAQ,HLLQ,32.788700103759766,21.96430015563965,2157,2.0,N,Africa/Tripoli,airport,OurAirports
5701,Nyala Airport,Nyala,Sudan,UYL,HSNN,12.053500175476074,24.956199645996094,2106,3.0,U,Africa/Khartoum,airport,OurAirports
5702,Port Sudan New International Airport,Port Sudan,Sudan,PZU,HSPN,19.4335994720459,37.23410034179688,135,3.0,U,Africa/Khartoum,airport,OurAirports
5703,Bukoba Airport,Bukoba,Tanzania,BKZ,HTBU,-1.332,31.8212,3784,3.0,U,Africa/Dar_es_Salaam,airport,OurAirports
5709,Arua Airport,Arua,Uganda,RUA,HUAR,3.049999952316284,30.91699981689453,3951,3.0,U,Africa/Kampala,airport,OurAirports
5781,Logroño-Agoncillo Airport,Logroño-Agoncillo,Spain,RJL,LELO,42.4609534888,-2.32223510742,1161,1.0,E,Europe/Madrid,airport,OurAirports
5787,Syros Airport,Syros Island,Greece,JSY,LGSO,37.4227981567,24.9508991241,236,2.0,E,Europe/Athens,airport,OurAirports
5794,Banja Luka International Airport,Banja Luka,Bosnia and Herzegovina,BNX,LQBK,44.94139862060547,17.297500610351562,400,1.0,E,Europe/Sarajevo,airport,OurAirports
5796,Kars Airport,Kars,Turkey,KSY,LTCF,40.562198638916016,43.1150016784668,5889,3.0,E,Europe/Istanbul,airport,OurAirports
5798,Kahramanmaraş Airport,Kahramanmaras,Turkey,KCM,LTCN,37.5388259888,36.9535217285,1723,3.0,E,Europe/Istanbul,airport,OurAirports
5799,Ağrı Airport,Agri,Turkey,AJI,LTCO,39.654541015625,43.025978088378906,5462,3.0,E,Europe/Istanbul,airport,OurAirports
5800,Adıyaman Airport,Adiyaman,Turkey,ADF,LTCP,37.7313995361,38.4688987732,2216,3.0,E,Europe/Istanbul,airport,OurAirports
5801,Süleyman Demirel International Airport,Isparta,Turkey,ISE,LTFC,37.8554000854,30.3684005737,2835,3.0,E,Europe/Istanbul,airport,OurAirports
5802,Balıkesir Körfez Airport,Balikesir Korfez,Turkey,EDO,LTFD,39.554599762,27.0137996674,50,3.0,E,Europe/Istanbul,airport,OurAirports
6103,Zaporizhzhia International Airport,Zaporozhye,Ukraine,OZH,UKDE,47.867000579833984,35.31570053100586,373,2.0,E,Europe/Kiev,airport,OurAirports
6105,Kharkiv International Airport,Kharkov,Ukraine,HRK,UKHH,49.924800872802734,36.290000915527344,508,2.0,E,Europe/Kiev,airport,OurAirports
6106,Ivano-Frankivsk International Airport,Ivano-Frankivsk,Ukraine,IFO,UKLI,48.88420104980469,24.68610000610352,919,2.0,E,Europe/Kiev,airport,OurAirports
6109,Uzhhorod International Airport,Uzhgorod,Ukraine,UDJ,UKLU,48.6343002319336,22.263399124145508,383,2.0,E,Europe/Kiev,airport,OurAirports
6110,Solovki Airport,Solovetsky Islands,Russia,CSH,ULAS,65.0299987793,35.7333335876,60,3.0,N,Europe/Moscow,airport,OurAirports
6111,Cherepovets Airport,Cherepovets,Russia,CEE,ULBC,59.273601532,38.0158004761,377,3.0,N,Europe/Moscow,airport,OurAirports
6114,Petrozavodsk Airport,Petrozavodsk,Russia,PES,ULPB,61.88520050048828,34.15470123291016,151,3.0,N,Europe/Moscow,airport,OurAirports
6124,Beslan Airport,Beslan,Russia,OGZ,URMO,43.2051010132,44.6066017151,1673,3.0,N,Europe/Moscow,airport,OurAirports
6125,Elista Airport,Elista,Russia,ESL,URWI,46.3739013671875,44.33089828491211,501,3.0,N,Europe/Moscow,airport,OurAirports
6141,Izhevsk Airport,Izhevsk,Russia,IJK,USII,56.82809829711914,53.45750045776367,531,4.0,N,Europe/Samara,airport,OurAirports
6142,Pobedilovo Airport,Kirov,Russia,KVX,USKK,58.503299713135,49.348300933838,479,3.0,N,Europe/Moscow,airport,OurAirports
6156,Belgorod International Airport,Belgorod,Russia,EGO,UUOB,50.643798828125,36.5900993347168,735,3.0,N,Europe/Moscow,airport,OurAirports
6157,Kursk East Airport,Kursk,Russia,URS,UUOK,51.7505989074707,36.29560089111328,686,3.0,N,Europe/Moscow,airport,OurAirports
6159,Vorkuta Airport,Vorkuta,Russia,VKT,UUYW,67.48860168457031,63.99309921264648,604,3.0,N,Europe/Moscow,airport,OurAirports
6160,Bugulma Airport,Bugulma,Russia,UUA,UWKB,54.63999938964844,52.801700592041016,991,3.0,N,Europe/Moscow,airport,OurAirports
6162,Cheboksary Airport,Cheboksary,Russia,CSY,UWKS,56.09030151367188,47.3473014831543,558,3.0,N,Europe/Moscow,airport,OurAirports
6165,Penza Airport,Penza,Russia,PEZ,UWPP,53.110599517822266,45.02109909057617,614,3.0,N,Europe/Moscow,airport,OurAirports
6166,Saransk Airport,Saransk,Russia,SKX,UWPS,54.12512969970703,45.21225738525391,676,3.0,N,Europe/Moscow,airport,OurAirports
6466,Donskoye Airport,Tambow,Russia,TBW,UUOT,52.806098937988,41.482799530029,413,3.0,N,Europe/Moscow,airport,OurAirports
6492,Ain Arnat Airport,Setif,Algeria,QSF,DAAS,36.178100585900005,5.32449007034,3360,1.0,U,Africa/Algiers,airport,OurAirports
6493,La Rochelle-Île de Ré Airport,La Rochelle,France,LRH,LFBH,46.17919921875,-1.1952799558639526,74,1.0,E,Europe/Paris,airport,OurAirports
6730,Sam Mbakwe International Airport,Imo,Nigeria,QOW,DNIM,5.427060127258301,7.206029891967773,373,1.0,N,Africa/Lagos,airport,OurAirports
6734,Kirovsk-Apatity Airport,Apatity,Russia,KVK,ULMK,67.46330261230469,33.58829879760742,515,3.0,N,Europe/Moscow,airport,OurAirports
6737,Pajala Airport,Pajala,Sweden,PJA,ESUP,67.24559783935547,23.06889915466309,542,1.0,E,Europe/Stockholm,airport,OurAirports
6753,Mardin Airport,Mardin,Turkey,MQM,LTCR,37.2233009338,40.6316986084,1729,3.0,E,Europe/Istanbul,airport,OurAirports
6756,Leon Airport,Leon,Spain,LEN,LELN,42.5890007019043,-5.65556001663208,3006,1.0,E,Europe/Madrid,airport,OurAirports
6757,Burgos Airport,Burgos,Spain,RGS,LEBG,42.357601,-3.62076,2945,1.0,E,Europe/Madrid,airport,OurAirports
6768,Geneina Airport,Geneina,Sudan,EGN,HSGN,13.48169994354248,22.467199325561523,2650,3.0,U,Africa/Khartoum,airport,OurAirports
6773,Buffalo Spring,Samburu South,Kenya,UAS,HKSB,0.530583,37.534195,3295,3.0,U,Africa/Nairobi,airport,OurAirports
6778,Walvis Bay Airport,Walvis Bay,Namibia,WVB,FYWB,-22.9799,14.6453,299,1.0,S,Africa/Windhoek,airport,OurAirports
6779,Katima Mulilo Airport,Mpacha,Namibia,MPA,FYKM,-17.634399,24.176701,3144,1.0,S,Africa/Windhoek,airport,OurAirports
6780,Anadolu Airport,Eskissehir,Turkey,AOE,LTBY,39.809898,30.5194,2588,3.0,E,Europe/Istanbul,airport,OurAirports
6781,Çanakkale Airport,Canakkale,Turkey,CKZ,LTBH,40.1376991272,26.4267997742,23,3.0,E,Europe/Istanbul,airport,OurAirports
6782,Muş Airport,Mus,Turkey,MSR,LTCK,38.74779891967773,41.66120147705078,4157,3.0,E,Europe/Istanbul,airport,OurAirports
6783,Sinop Airport,Sinop,Turkey,NOP,LTCM,42.015800476074,35.066398620605,20,3.0,E,Europe/Istanbul,airport,OurAirports
6784,Tekirdağ Çorlu Airport,Çorlu,Turkey,TEQ,LTBU,41.13819885253906,27.919099807739254,574,3.0,E,Europe/Istanbul,airport,OurAirports
6932,Taganrog Yuzhny Airport,Taganrog,Russia,TGK,URRT,47.1983333,38.8491667,117,3.0,N,Europe/Moscow,airport,OurAirports
6933,Gelendzhik Airport,Gelendzhik,Russia,GDZ,URKG,44.5820926295,38.0124807358,98,3.0,N,Europe/Moscow,airport,OurAirports
6940,Tunoshna Airport,Yaroslavl,Russia,IAR,UUDL,57.56069946289063,40.15739822387695,287,3.0,N,Europe/Moscow,airport,OurAirports
6947,Tuzla International Airport,Null,Bosnia and Herzegovina,TZL,LQTZ,44.45869827270508,18.72480010986328,784,1.0,E,Europe/Sarajevo,airport,OurAirports
6969,Begishevo Airport,Nizhnekamsk,Russia,NBC,UWKE,55.564701080322266,52.09249877929688,643,3.0,N,Europe/Moscow,airport,OurAirports
6972,Warri Airport,Osubi,Nigeria,QRW,DNSU,5.59611,5.81778,242,1.0,U,Africa/Lagos,airport,OurAirports
7003,Ulyanovsk Baratayevka Airport,Ulyanovsk,Russia,ULV,UWLL,54.26829910279999,48.226699829100006,463,4.0,N,Europe/Samara,airport,OurAirports
7417,Wilwal International Airport,Jijiga,Ethiopia,JIJ,HAJJ,9.3325,42.9121,5954,3.0,U,Africa/Addis_Ababa,airport,OurAirports
7424,Mara Serena Lodge Airstrip,Masai Mara,Kenya,MRE,HKMS,-1.406111,35.008057,5200,3.0,U,Africa/Nairobi,airport,OurAirports
7447,Enfidha - Hammamet International Airport,Enfidha,Tunisia,NBE,DTNH,36.075833,10.438611,21,1.0,U,Africa/Tunis,airport,OurAirports
7453,Hatay Airport,Hatay,Turkey,HTY,LTDA,36.36277771,36.282222747800006,269,3.0,U,Europe/Istanbul,airport,OurAirports
7459,Lleida-Alguaire Airport,Lleida,Spain,ILD,LEDA,41.728185,0.535023,1170,1.0,E,Europe/Madrid,airport,OurAirports
7634,Rundu Airport,Rundu,Namibia,NDU,FYRU,-17.956499099731,19.719400405884,3627,1.0,S,Africa/Windhoek,airport,OurAirports
7821,Zonguldak Airport,Zonguldak,Turkey,ONQ,LTAS,41.506401062,32.0886001587,39,3.0,E,Europe/Istanbul,airport,OurAirports
7863,Belbek Airport,Sevastopol,Ukraine,UKS,UKFB,44.688999176,33.570999145500004,344,3.0,U,Europe/Simferopol,airport,OurAirports
7976,Ukunda Airstrip,Ukunda,Kenya,UKA,HKUK,-4.29333,39.571098,98,3.0,U,Africa/Nairobi,airport,OurAirports
8209,Vinnytsia/Gavyryshivka Airport,Vinnitsa,Ukraine,VIN,UKWW,49.242531,28.613778,961,2.0,E,Europe/Kiev,airport,OurAirports
8235,Sohag International Airport,Sohag,Egypt,HMB,HEMK,26.342778,31.742778,310,2.0,E,Africa/Cairo,airport,OurAirports
8266,Gazipaşa Airport,Alanya,Turkey,GZP,LTGP,36.299217,32.300598,86,3.0,E,Europe/Istanbul,airport,OurAirports
8414,Modlin Airport,Warsaw,Poland,WMI,EPMO,52.451099,20.6518,341,1.0,E,Europe/Warsaw,airport,OurAirports
8723,Ust-Tsylma Airport,Ust-Tsylma,Russia,UTS,UUYX,65.43729400630001,52.20033645629999,262,3.0,N,Europe/Moscow,airport,OurAirports
8832,Lublin Airport,Lublin,Poland,LUZ,EPLB,51.240278,22.713611,633,1.0,E,Europe/Warsaw,airport,OurAirports
8924,Velikiy Ustyug Airport,Veliky Ustyug,Russia,VUS,ULWU,60.78829956054688,46.2599983215332,331,3.0,N,Europe/Moscow,airport,OurAirports
9043,Iğdır Airport,Igdir,Turkey,IGD,LTCT,39.9766273499,43.8766479492,3101,3.0,E,Europe/Istanbul,airport,OurAirports
9044,Şanlıurfa GAP Airport,Sanliurfa,Turkey,GNY,LTCS,37.445663,38.895592,2708,3.0,E,Europe/Istanbul,airport,OurAirports
9045,Zafer Airport,Kutahya,Turkey,KZR,LTBZ,39.113079,30.128111,3327,3.0,E,Europe/Istanbul,airport,OurAirports
9272,Bingöl Çeltiksuyu Airport,Bingol,Turkey,BGG,LTCU,38.8592605591,40.5959625244,3506,3.0,E,Europe/Istanbul,airport,OurAirports
9273,Kastamonu Airport,Kastamonu,Turkey,KFS,LTAL,41.31420135498047,33.795799255371094,3520,3.0,E,Europe/Istanbul,airport,OurAirports
9327,Comiso Airport,Comiso,Italy,CIY,LICB,36.994601,14.607182,623,1.0,E,Europe/Rome,airport,OurAirports
9824,Tazadit Airport,Zouerat,Mauritania,OUZ,GQPZ,22.75639915466309,-12.483599662780762,1129,0.0,N,Africa/Nouakchott,airport,OurAirports
9825,Asaba International Airport,Asaba,Nigeria,ABB,DNAS,6.204167,6.665278,305,1.0,N,Africa/Lagos,airport,OurAirports
9826,Akwa Ibom International Airport,Uyo,Nigeria,QUO,DNAI,4.8725,8.093,170,1.0,N,Africa/Lagos,airport,OurAirports
9828,Kasama Airport,Kasama,Zambia,KAA,FLKS,-10.216699600219728,31.13330078125,4541,2.0,N,Africa/Lusaka,airport,OurAirports
