AirportID,Name,City,Country,IATA,ICAO,Latitude,Longitude,Altitude,Timezone,DST,TZ_database,Type,Source
1,Goroka Airport,Goroka,Papua New Guinea,GKA,AYGA,-6.081689834590001,145.391998291,5282,10.0,U,Pacific/Port_Moresby,airport,OurAirports
2,Madang Airport,Madang,Papua New Guinea,MAG,AYMD,-5.20707988739,145.789001465,20,10.0,U,Pacific/Port_Moresby,airport,OurAirports
3,Mount Hagen Kagamuga Airport,Mount Hagen,Papua New Guinea,HGU,AYMH,-5.826789855957031,144.29600524902344,5388,10.0,U,Pacific/Port_Moresby,airport,OurAirports
4,Nadzab Airport,Nadzab,Papua New Guinea,LAE,AYNZ,-6.569803,146.725977,239,10.0,U,Pacific/Port_Moresby,airport,OurAirports
5,Port Moresby Jacksons International Airport,Port Moresby,Papua New Guinea,POM,AYPY,-9.44338035583496,147.22000122070312,146,10.0,U,Pacific/Port_Moresby,airport,OurAirports
6,Wewak International Airport,Wewak,Papua New Guinea,WWK,AYWK,-3.58383011818,143.669006348,19,10.0,U,Pacific/Port_Moresby,airport,OurAirports
1197,Larnaca International Airport,Larnaca,Cyprus,LCA,LCLK,34.875099182128906,33.624900817871094,8,2.0,E,Asia/Nicosia,airport,OurAirports
1198,Paphos International Airport,Paphos,Cyprus,PFO,LCPH,34.71799850463867,32.48569869995117,41,2.0,E,Asia/Nicosia,airport,OurAirports
1590,Ben Gurion International Airport,Tel-aviv,Israel,TLV,LLBG,32.01139831542969,34.88669967651367,135,2.0,E,Asia/Jerusalem,airport,OurAirports
1594,Eilat Airport,Elat,Israel,ETH,LLET,29.56130027770996,34.96009826660156,42,2.0,E,Asia/Jerusalem,airport,OurAirports
1596,Haifa International Airport,Haifa,Israel,HFA,LLHA,32.80939865112305,35.04309844970703,28,2.0,E,Asia/Jerusalem,airport,OurAirports
1602,Ovda International Airport,Ovda,Israel,VDA,LLOV,29.94029998779297,34.93579864501953,1492,2.0,E,Asia/Jerusalem,airport,OurAirports
1605,Sde Dov Airport,Tel-aviv,Israel,SDV,LLSD,32.11470031738281,34.78219985961914,43,2.0,E,Asia/Jerusalem,airport,OurAirports
1958,Aitutaki Airport,Aitutaki,Cook Islands,AIT,NCAI,-18.830900192260746,-159.76400756835938,14,-10.0,U,Pacific/Rarotonga,airport,OurAirports
1959,Rarotonga International Airport,Avarua,Cook Islands,RAR,NCRG,-21.2026996613,-159.805999756,19,-10.0,U,Pacific/Rarotonga,airport,OurAirports
1960,Nadi International Airport,Nandi,Fiji,NAN,NFFN,-17.755399703979492,177.4429931640625,59,12.0,U,Pacific/Fiji,airport,OurAirports
1961,Nausori International Airport,Nausori,Fiji,SUV,NFNA,-18.04330062866211,178.5590057373047,17,12.0,U,Pacific/Fiji,airport,OurAirports
1963,Fua'amotu International Airport,Tongatapu,Tonga,TBU,NFTF,-21.241199493408203,-175.14999389648438,126,13.0,U,Pacific/Tongatapu,airport,OurAirports
1965,Bonriki International Airport,Tarawa,Kiribati,TRW,NGTA,1.3816399574279783,173.14700317382812,9,12.0,U,Pacific/Tarawa,airport,OurAirports
1968,Hihifo Airport,Wallis,Wallis and Futuna,WLS,NLWW,-13.2383003235,-176.199005127,79,12.0,U,Pacific/Wallis,airport,OurAirports
1969,Faleolo International Airport,Faleolo,Samoa,APW,NSFA,-13.829999923706056,-172.00799560546875,58,13.0,U,Pacific/Apia,airport,OurAirports
1970,Pago Pago International Airport,Pago Pago,American Samoa,PPG,NSTU,-14.3310003281,-170.710006714,32,-11.0,U,Pacific/Pago_Pago,airport,OurAirports
1972,Tubuai Airport,Tubuai,French Polynesia,TUB,NTAT,-23.365400314331055,-149.5240020751953,7,-10.0,U,Pacific/Tahiti,airport,OurAirports
1975,Tikehau Airport,Tikehau,French Polynesia,TIH,NTGC,-15.119600296020508,-148.2310028076172,6,-10.0,U,Pacific/Tahiti,airport,OurAirports
1977,Fakarava Airport,Fakarava,French Polynesia,FAV,NTGF,-16.054100036621094,-145.65699768066406,13,-10.0,U,Pacific/Tahiti,airport,OurAirports
1978,Manihi Airport,Manihi,French Polynesia,XMH,NTGI,-14.436800003051758,-146.07000732421875,14,-10.0,U,Pacific/Tahiti,airport,OurAirports
1979,Totegegie Airport,Totegegie,French Polynesia,GMR,NTGJ,-23.07990074157715,-134.88999938964844,7,-9.0,U,Pacific/Gambier,airport,OurAirports
1980,Kaukura Airport,Kaukura Atoll,French Polynesia,KKR,NTGK,-15.663299560546877,-146.88499450683594,11,-10.0,U,Pacific/Tahiti,airport,OurAirports
1981,Makemo Airport,Makemo,French Polynesia,MKP,NTGM,-16.583900451660156,-143.6580047607422,3,-10.0,U,Pacific/Tahiti,airport,OurAirports
1983,Takapoto Airport,Takapoto,French Polynesia,TKP,NTGT,-14.709500312805176,-145.24600219726562,12,-10.0,U,Pacific/Tahiti,airport,OurAirports
1984,Arutua Airport,Arutua,French Polynesia,AXR,NTGU,-15.248299598693848,-146.61700439453125,9,-10.0,U,Pacific/Tahiti,airport,OurAirports
1985,Mataiva Airport,Mataiva,French Polynesia,MVT,NTGV,-14.8681001663208,-148.7169952392578,11,-10.0,U,Pacific/Tahiti,airport,OurAirports
1986,Takaroa Airport,Takaroa,French Polynesia,TKX,NTKR,-14.45580005645752,-145.02499389648438,13,-10.0,U,Pacific/Tahiti,airport,OurAirports
1987,Nuku Hiva Airport,Nuku Hiva,French Polynesia,NHV,NTMD,-8.795599937438965,-140.22900390625,220,-9.5,U,Pacific/Marquesas,airport,OurAirports
1989,Bora Bora Airport,Bora Bora,French Polynesia,BOB,NTTB,-16.444400787353516,-151.75100708007812,10,-10.0,U,Pacific/Tahiti,airport,OurAirports
1990,Rangiroa Airport,Rangiroa,French Polynesia,RGI,NTTG,-14.954299926757812,-147.66099548339844,10,-10.0,U,Pacific/Tahiti,airport,OurAirports
1991,Huahine-Fare Airport,Huahine Island,French Polynesia,HUH,NTTH,-16.68720054626465,-151.02200317382812,7,-10.0,U,Pacific/Tahiti,airport,OurAirports
1992,Moorea Airport,Moorea,French Polynesia,MOZ,NTTM,-17.49,-149.761993,9,-10.0,U,Pacific/Tahiti,airport,OurAirports
1994,Maupiti Airport,Maupiti,French Polynesia,MAU,NTTP,-16.42650032043457,-152.24400329589844,15,-10.0,U,Pacific/Tahiti,airport,OurAirports
1995,Raiatea Airport,Raiatea Island,French Polynesia,RFP,NTTR,-16.7229,-151.466003,3,-10.0,U,Pacific/Tahiti,airport,OurAirports
1997,Bauerfield International Airport,Port-vila,Vanuatu,VLI,NVVV,-17.699300765991,168.32000732422,70,11.0,U,Pacific/Efate,airport,OurAirports
1998,Koné Airport,Kone,New Caledonia,KNQ,NWWD,-21.05430030822754,164.83700561523438,23,11.0,U,Pacific/Noumea,airport,OurAirports
1999,Koumac Airport,Koumac,New Caledonia,KOC,NWWK,-20.546300888061523,164.25599670410156,42,11.0,U,Pacific/Noumea,airport,OurAirports
2000,Lifou Airport,Lifou,New Caledonia,LIF,NWWL,-20.774799346923828,167.24000549316406,92,11.0,U,Pacific/Noumea,airport,OurAirports
2001,Nouméa Magenta Airport,Noumea,New Caledonia,GEA,NWWM,-22.25830078125,166.47300720214844,10,11.0,U,Pacific/Noumea,airport,OurAirports
2002,Maré Airport,Mare,New Caledonia,MEE,NWWR,-21.481700897216797,168.03799438476562,141,11.0,U,Pacific/Noumea,airport,OurAirports
2003,Touho Airport,Touho,New Caledonia,TOU,NWWU,-20.790000915527344,165.25900268554688,10,11.0,U,Pacific/Noumea,airport,OurAirports
2004,Ouvéa Airport,Ouvea,New Caledonia,UVE,NWWV,-20.640600204467773,166.572998046875,23,11.0,U,Pacific/Noumea,airport,OurAirports
2005,La Tontouta International Airport,Noumea,New Caledonia,NOU,NWWW,-22.01460075378418,166.21299743652344,52,11.0,U,Pacific/Noumea,airport,OurAirports
2006,Auckland International Airport,Auckland,New Zealand,AKL,NZAA,-37.008098602299995,174.792007446,23,12.0,Z,Pacific/Auckland,airport,OurAirports
2007,Taupo Airport,Taupo,New Zealand,TUO,NZAP,-38.73970031738281,176.08399963378906,1335,12.0,Z,Pacific/Auckland,airport,OurAirports
2009,Christchurch International Airport,Christchurch,New Zealand,CHC,NZCH,-43.48939895629883,172.53199768066406,123,12.0,Z,Pacific/Auckland,airport,OurAirports
2011,Dunedin Airport,Dunedin,New Zealand,DUD,NZDN,-45.9281005859375,170.197998046875,4,12.0,Z,Pacific/Auckland,airport,OurAirports
2012,Gisborne Airport,Gisborne,New Zealand,GIS,NZGS,-38.663299560546875,177.97799682617188,15,12.0,Z,Pacific/Auckland,airport,OurAirports
2014,Hokitika Airfield,Hokitika,New Zealand,HKK,NZHK,-42.713600158691406,170.98500061035156,146,12.0,Z,Pacific/Auckland,airport,OurAirports
2015,Hamilton International Airport,Hamilton,New Zealand,HLZ,NZHN,-37.8666992188,175.332000732,172,12.0,Z,Pacific/Auckland,airport,OurAirports
2017,Kerikeri Airport,Kerikeri,New Zealand,KKE,NZKK,-35.26279830932617,173.91200256347656,492,12.0,Z,Pacific/Auckland,airport,OurAirports
2018,Kaitaia Airport,Kaitaia,New Zealand,KAT,NZKT,-35.06999969482422,173.28500366210938,270,12.0,Z,Pacific/Auckland,airport,OurAirports
2023,New Plymouth Airport,New Plymouth,New Zealand,NPL,NZNP,-39.00859832763672,174.1790008544922,97,12.0,Z,Pacific/Auckland,airport,OurAirports
2024,Nelson Airport,Nelson,New Zealand,NSN,NZNS,-41.298301696777344,173.2209930419922,17,12.0,Z,Pacific/Auckland,airport,OurAirports
2025,Invercargill Airport,Invercargill,New Zealand,IVC,NZNV,-46.41239929199219,168.31300354003906,5,12.0,Z,Pacific/Auckland,airport,OurAirports
2028,Palmerston North Airport,Palmerston North,New Zealand,PMR,NZPM,-40.32059860229492,175.61700439453125,151,12.0,Z,Pacific/Auckland,airport,OurAirports
2029,Paraparaumu Airport,Paraparaumu,New Zealand,PPQ,NZPP,-40.90470123291016,174.98899841308594,22,12.0,Z,Pacific/Auckland,airport,OurAirports
2030,Queenstown International Airport,Queenstown International,New Zealand,ZQN,NZQN,-45.0210990906,168.738998413,1171,12.0,Z,Pacific/Auckland,airport,OurAirports
2031,Rotorua Regional Airport,Rotorua,New Zealand,ROT,NZRO,-38.10919952392578,176.31700134277344,935,12.0,Z,Pacific/Auckland,airport,OurAirports
2034,Tauranga Airport,Tauranga,New Zealand,TRG,NZTG,-37.67190170288086,176.1959991455078,13,12.0,Z,Pacific/Auckland,airport,OurAirports
2035,Timaru Airport,Timaru,New Zealand,TIU,NZTU,-44.30279922485352,171.22500610351562,89,12.0,Z,Pacific/Auckland,airport,OurAirports
2037,Woodbourne Airport,Woodbourne,New Zealand,BHE,NZWB,-41.5182991027832,173.8699951171875,109,12.0,Z,Pacific/Auckland,airport,OurAirports
2041,Whakatane Airport,Whakatane,New Zealand,WHK,NZWK,-37.92060089111328,176.91400146484375,20,12.0,Z,Pacific/Auckland,airport,OurAirports
2042,Wellington International Airport,Wellington,New Zealand,WLG,NZWN,-41.3272018433,174.804992676,41,12.0,Z,Pacific/Auckland,airport,OurAirports
2045,Whangarei Airport,Whangarei,New Zealand,WRE,NZWR,-35.7682991027832,174.36500549316406,133,12.0,Z,Pacific/Auckland,airport,OurAirports
2046,Westport Airport,Westport,New Zealand,WSZ,NZWS,-41.73809814453125,171.58099365234375,13,12.0,Z,Pacific/Auckland,airport,OurAirports
2047,Wanganui Airport,Wanganui,New Zealand,WAG,NZWU,-39.96220016479492,175.02499389648438,27,12.0,Z,Pacific/Auckland,airport,OurAirports
2048,Herat Airport,Herat,Afghanistan,HEA,OAHR,34.209999084472656,62.22829818725586,3206,4.5,U,Asia/Kabul,airport,OurAirports
2050,Hamid Karzai International Airport,Kabul,Afghanistan,KBL,OAKB,34.565899,69.212303,5877,4.5,U,Asia/Kabul,airport,OurAirports
2051,Kandahar Airport,Kandahar,Afghanistan,KDH,OAKN,31.505800247192383,65.8478012084961,3337,4.5,U,Asia/Kabul,airport,OurAirports
2053,Mazar I Sharif Airport,Mazar-i-sharif,Afghanistan,MZR,OAMS,36.70690155029297,67.20970153808594,1284,4.5,U,Asia/Kabul,airport,OurAirports
2057,Bahrain International Airport,Bahrain,Bahrain,BAH,OBBI,26.27079963684082,50.63359832763672,6,3.0,U,Asia/Bahrain,airport,OurAirports
2059,Abha Regional Airport,Abha,Saudi Arabia,AHB,OEAB,18.240400314299997,42.65660095210001,6858,3.0,U,Asia/Riyadh,airport,OurAirports
2060,Al Ahsa Airport,Al-ahsa,Saudi Arabia,HOF,OEAH,25.28529930114746,49.485198974609375,588,3.0,U,Asia/Riyadh,airport,OurAirports
2061,Al Baha Airport,El-baha,Saudi Arabia,ABT,OEBA,20.2961006165,41.6343002319,5486,3.0,U,Asia/Riyadh,airport,OurAirports
2062,Bisha Airport,Bisha,Saudi Arabia,BHH,OEBH,19.984399795532227,42.62089920043945,3887,3.0,U,Asia/Riyadh,airport,OurAirports
2064,King Fahd International Airport,Dammam,Saudi Arabia,DMM,OEDF,26.471200942993164,49.79790115356445,72,3.0,U,Asia/Riyadh,airport,OurAirports
2066,Jizan Regional Airport,Gizan,Saudi Arabia,GIZ,OEGN,16.901100158691406,42.58580017089844,20,3.0,U,Asia/Riyadh,airport,OurAirports
2067,Gassim Airport,Gassim,Saudi Arabia,ELQ,OEGS,26.302799224853516,43.77439880371094,2126,3.0,U,Asia/Riyadh,airport,OurAirports
2068,Gurayat Domestic Airport,Guriat,Saudi Arabia,URY,OEGT,31.412413,37.278898,1672,3.0,U,Asia/Riyadh,airport,OurAirports
2069,Ha'il Airport,Hail,Saudi Arabia,HAS,OEHL,27.437901,41.686298,3331,3.0,U,Asia/Riyadh,airport,OurAirports
2072,King Abdulaziz International Airport,Jeddah,Saudi Arabia,JED,OEJN,21.6796,39.156502,48,3.0,U,Asia/Riyadh,airport,OurAirports
2074,Prince Mohammad Bin Abdulaziz Airport,Madinah,Saudi Arabia,MED,OEMA,24.5534,39.705101,2151,3.0,U,Asia/Riyadh,airport,OurAirports
2075,Nejran Airport,Nejran,Saudi Arabia,EAM,OENG,17.611400604248047,44.4192008972168,3982,3.0,U,Asia/Riyadh,airport,OurAirports
2076,Al Qaisumah/Hafr Al Batin Airport,Hafr Al-batin,Saudi Arabia,AQI,OEPA,28.335199,46.125099,1174,3.0,U,Asia/Riyadh,airport,OurAirports
2081,Rafha Domestic Airport,Rafha,Saudi Arabia,RAH,OERF,29.626399993896484,43.4906005859375,1474,3.0,U,Asia/Riyadh,airport,OurAirports
2082,King Khaled International Airport,Riyadh,Saudi Arabia,RUH,OERK,24.957599639892575,46.69879913330078,2049,3.0,U,Asia/Riyadh,airport,OurAirports
2084,Arar Domestic Airport,Arar,Saudi Arabia,RAE,OERR,30.90660095214844,41.13819885253906,1813,3.0,U,Asia/Riyadh,airport,OurAirports
2086,Sharurah Airport,Sharurah,Saudi Arabia,SHW,OESH,17.466899871826172,47.12139892578125,2363,3.0,U,Asia/Riyadh,airport,OurAirports
2089,Tabuk Airport,Tabuk,Saudi Arabia,TUU,OETB,28.3654,36.6189,2551,3.0,U,Asia/Riyadh,airport,OurAirports
2090,Ta’if Regional Airport,Taif,Saudi Arabia,TIF,OETF,21.483001,40.543442,4848,3.0,U,Asia/Riyadh,airport,OurAirports
2093,Turaif Domestic Airport,Turaif,Saudi Arabia,TUI,OETR,31.692188,38.731544,2803,3.0,U,Asia/Riyadh,airport,OurAirports
2095,Al Wajh Domestic Airport,Wejh,Saudi Arabia,EJH,OEWJ,26.19860076904297,36.47639846801758,66,3.0,U,Asia/Riyadh,airport,OurAirports
2096,Prince Abdulmohsin Bin Abdulaziz Airport,Yenbo,Saudi Arabia,YNB,OEYN,24.144199,38.0634,26,3.0,U,Asia/Riyadh,airport,OurAirports
2097,Abadan Airport,Abadan,Iran,ABD,OIAA,30.371099472,48.2282981873,10,3.5,E,Asia/Tehran,airport,OurAirports
2098,Dezful Airport,Dezful,Iran,DEF,OIAD,32.434399,48.397598,474,3.5,E,Asia/Tehran,airport,OurAirports
2100,Gachsaran Airport,Gachsaran,Iran,GCH,OIAH,30.337600708,50.827999115,2414,3.5,E,Asia/Tehran,airport,OurAirports
2103,Mahshahr Airport,Bandar Mahshahr,Iran,MRX,OIAM,30.55620002746582,49.15190124511719,8,3.5,E,Asia/Tehran,airport,OurAirports
2104,Ahwaz Airport,Ahwaz,Iran,AWZ,OIAW,31.337400436399996,48.7620010376,66,3.5,E,Asia/Tehran,airport,OurAirports
2106,Bushehr Airport,Bushehr,Iran,BUZ,OIBB,28.9447994232,50.8345985413,68,3.5,E,Asia/Tehran,airport,OurAirports
2109,Kish International Airport,Kish Island,Iran,KIH,OIBK,26.5261993408,53.9802017212,101,3.5,E,Asia/Tehran,airport,OurAirports
2110,Bandar Lengeh Airport,Bandar Lengeh,Iran,BDH,OIBL,26.531999588,54.824798584,67,3.5,E,Asia/Tehran,airport,OurAirports
2112,Sirri Island Airport,Siri Island,Iran,SXI,OIBS,25.908899307250977,54.539398193359375,43,3.5,E,Asia/Tehran,airport,OurAirports
2114,Shahid Ashrafi Esfahani Airport,Bakhtaran,Iran,KSH,OICC,34.3459014893,47.1581001282,4307,3.5,E,Asia/Tehran,airport,OurAirports
2117,Sanandaj Airport,Sanandaj,Iran,SDG,OICS,35.24589920043945,47.00920104980469,4522,3.5,E,Asia/Tehran,airport,OurAirports
2121,Esfahan Shahid Beheshti International Airport,Esfahan,Iran,IFN,OIFM,32.75080108642578,51.86130142211914,5059,3.5,E,Asia/Tehran,airport,OurAirports
2123,Sardar-e-Jangal Airport,Rasht,Iran,RAS,OIGG,37.323333,49.617778,-40,3.5,E,Asia/Tehran,airport,OurAirports
2131,Mehrabad International Airport,Teheran,Iran,THR,OIII,35.68920135498047,51.31340026855469,3962,3.5,E,Asia/Tehran,airport,OurAirports
2134,Bandar Abbas International Airport,Bandar Abbas,Iran,BND,OIKB,27.218299865722656,56.37779998779297,22,3.5,E,Asia/Tehran,airport,OurAirports
2136,Kerman Airport,Kerman,Iran,KER,OIKK,30.274400711099997,56.9510993958,5741,3.5,E,Asia/Tehran,airport,OurAirports
2142,Birjand Airport,Birjand,Iran,XBJ,OIMB,32.898101806640625,59.2661018371582,4952,3.5,E,Asia/Tehran,airport,OurAirports
2151,Ramsar Airport,Ramsar,Iran,RZR,OINR,36.9099006652832,50.67959976196289,-70,3.5,E,Asia/Tehran,airport,OurAirports
2156,Lamerd Airport,Lamerd,Iran,LFM,OISR,27.3726997375,53.18880081179999,1337,3.5,E,Asia/Tehran,airport,OurAirports
2157,Shiraz Shahid Dastghaib International Airport,Shiraz,Iran,SYZ,OISS,29.53919982910156,52.58980178833008,4920,3.5,E,Asia/Tehran,airport,OurAirports
2158,Khoy Airport,Khoy,Iran,KHY,OITK,38.4275016784668,44.97359848022461,3981,3.5,E,Asia/Tehran,airport,OurAirports
2162,Tabriz International Airport,Tabriz,Iran,TBZ,OITT,38.1338996887207,46.23500061035156,4459,3.5,E,Asia/Tehran,airport,OurAirports
2164,Shahid Sadooghi Airport,Yazd,Iran,AZD,OIYY,31.9048995972,54.2765007019,4054,3.5,E,Asia/Tehran,airport,OurAirports
2165,Zabol Airport,Zabol,Iran,ACZ,OIZB,31.09830093383789,61.54389953613281,1628,3.5,E,Asia/Tehran,airport,OurAirports
2166,Konarak Airport,Chah Bahar,Iran,ZBR,OIZC,25.443300247199996,60.3820991516,43,3.5,E,Asia/Tehran,airport,OurAirports
2167,Zahedan International Airport,Zahedan,Iran,ZAH,OIZH,29.47570037841797,60.90620040893555,4564,3.5,E,Asia/Tehran,airport,OurAirports
2170,Queen Alia International Airport,Amman,Jordan,AMM,OJAI,31.7226009369,35.9931983948,2395,2.0,E,Asia/Amman,airport,OurAirports
2172,Aqaba King Hussein International Airport,Aqaba,Jordan,AQJ,OJAQ,29.611600875854492,35.01810073852539,175,2.0,E,Asia/Amman,airport,OurAirports
2176,Kuwait International Airport,Kuwait,Kuwait,KWI,OKBK,29.226600646972656,47.96889877319336,206,3.0,U,Asia/Kuwait,airport,OurAirports
2177,Beirut Rafic Hariri International Airport,Beirut,Lebanon,BEY,OLBA,33.820899963378906,35.488399505615234,87,2.0,E,Asia/Beirut,airport,OurAirports
2179,Abu Dhabi International Airport,Abu Dhabi,United Arab Emirates,AUH,OMAA,24.433000564575195,54.651100158691406,88,4.0,U,Asia/Dubai,airport,OurAirports
2180,Bateen Airport,Abu Dhabi,United Arab Emirates,AZI,OMAD,24.428300857543945,54.458099365234375,16,4.0,U,Asia/Dubai,airport,OurAirports
2188,Dubai International Airport,Dubai,United Arab Emirates,DXB,OMDB,25.2527999878,55.3643989563,62,4.0,U,Asia/Dubai,airport,OurAirports
2189,Fujairah International Airport,Fujeirah,United Arab Emirates,FJR,OMFJ,25.112199783325195,56.32400131225586,152,4.0,U,Asia/Dubai,airport,OurAirports
2191,Sharjah International Airport,Sharjah,United Arab Emirates,SHJ,OMSJ,25.32859992980957,55.5172004699707,111,4.0,U,Asia/Dubai,airport,OurAirports
2192,Khasab Air Base,Khasab,Oman,KHS,OOKB,26.17099952697754,56.2406005859375,100,4.0,U,Asia/Muscat,airport,OurAirports
2194,Muscat International Airport,Muscat,Oman,MCT,OOMS,23.593299865722656,58.284400939941406,48,4.0,U,Asia/Muscat,airport,OurAirports
2195,Salalah Airport,Salalah,Oman,SLL,OOSA,17.038700103759766,54.09130096435547,73,4.0,U,Asia/Muscat,airport,OurAirports
2202,Faisalabad International Airport,Faisalabad,Pakistan,LYP,OPFA,31.364999771118164,72.99479675292969,591,5.0,N,Asia/Karachi,airport,OurAirports
2203,Gwadar International Airport,Gwadar,Pakistan,GWD,OPGD,25.233299255371097,62.329498291015625,36,5.0,N,Asia/Karachi,airport,OurAirports
2204,Gilgit Airport,Gilgit,Pakistan,GIL,OPGT,35.918800354003906,74.33360290527344,4796,5.0,N,Asia/Karachi,airport,OurAirports
2206,Jinnah International Airport,Karachi,Pakistan,KHI,OPKC,24.9065,67.160797,100,5.0,N,Asia/Karachi,airport,OurAirports
2207,Alama Iqbal International Airport,Lahore,Pakistan,LHE,OPLA,31.5216007232666,74.40360260009766,712,5.0,N,Asia/Karachi,airport,OurAirports
2212,Moenjodaro Airport,Moenjodaro,Pakistan,MJD,OPMJ,27.3351993560791,68.14309692382812,154,5.0,N,Asia/Karachi,airport,OurAirports
2214,Multan International Airport,Multan,Pakistan,MUX,OPMT,30.20319938659668,71.41909790039062,403,5.0,N,Asia/Karachi,airport,OurAirports
2217,Panjgur Airport,Panjgur,Pakistan,PJG,OPPG,26.954500198364254,64.13249969482422,3289,5.0,N,Asia/Karachi,airport,OurAirports
2219,Peshawar International Airport,Peshawar,Pakistan,PEW,OPPS,33.993900299072266,71.51460266113281,1158,5.0,N,Asia/Karachi,airport,OurAirports
2221,Quetta International Airport,Quetta,Pakistan,UET,OPQT,30.251399993896484,66.93779754638672,5267,5.0,N,Asia/Karachi,airport,OurAirports
2222,Shaikh Zaid Airport,Rahim Yar Khan,Pakistan,RYK,OPRK,28.383899688720703,70.27960205078125,271,5.0,N,Asia/Karachi,airport,OurAirports
2227,Sukkur Airport,Sukkur,Pakistan,SKZ,OPSK,27.722000122070312,68.79170227050781,196,5.0,N,Asia/Karachi,airport,OurAirports
2233,Zhob Airport,Zhob,Pakistan,PZH,OPZB,31.358400344848633,69.4636001586914,4728,5.0,N,Asia/Karachi,airport,OurAirports
2234,Basrah International Airport,Basrah,Iraq,BSR,ORMM,30.549100875854492,47.66210174560547,11,3.0,U,Asia/Baghdad,airport,OurAirports
2243,Rota International Airport,Rota,Northern Mariana Islands,ROP,PGRO,14.17430019378662,145.2429962158203,607,10.0,U,Pacific/Saipan,airport,OurAirports
2244,Saipan International Airport,Saipan,Northern Mariana Islands,SPN,PGSN,15.119,145.729004,215,10.0,U,Pacific/Saipan,airport,OurAirports
2246,Antonio B. Won Pat International Airport,Agana,Guam,GUM,PGUM,13.4834003448,144.796005249,298,10.0,U,Pacific/Guam,airport,OurAirports
2249,Marshall Islands International Airport,Majuro,Marshall Islands,MAJ,PKMJ,7.064760208129883,171.27200317382812,6,12.0,U,Pacific/Majuro,airport,OurAirports
2251,Bucholz Army Air Field,Kwajalein,Marshall Islands,KWA,PKWA,8.720120429992676,167.73199462890625,9,12.0,U,Pacific/Majuro,airport,OurAirports
2254,Chuuk International Airport,Chuuk,Micronesia,TKK,PTKK,7.461870193481445,151.84300231933594,11,10.0,U,Pacific/Truk,airport,OurAirports
2255,Pohnpei International Airport,Pohnpei,Micronesia,PNI,PTPN,6.985099792480469,158.20899963378906,10,11.0,U,Pacific/Ponape,airport,OurAirports
2256,Babelthuap Airport,Babelthuap,Palau,ROR,PTRO,7.36731,134.544236,176,9.0,U,Pacific/Palau,airport,OurAirports
2257,Kosrae International Airport,Kosrae,Micronesia,KSA,PTSA,5.35698,162.957993,11,11.0,U,Pacific/Kosrae,airport,OurAirports
2258,Yap International Airport,Yap,Micronesia,YAP,PTYA,9.49891,138.082993,91,10.0,U,Pacific/Truk,airport,OurAirports
2259,Kinmen Airport,Kinmen,Taiwan,KNH,RCBS,24.4279,118.359001,93,8.0,U,Asia/Taipei,airport,OurAirports
2262,Taitung Airport,Fengnin,Taiwan,TTT,RCFN,22.7549991607666,121.10199737548828,143,8.0,U,Asia/Taipei,airport,OurAirports
2264,Kaohsiung International Airport,Kaohsiung,Taiwan,KHH,RCKH,22.57710075378418,120.3499984741211,31,8.0,U,Asia/Taipei,airport,OurAirports
2268,Taichung Ching Chuang Kang Airport,Taichung,Taiwan,RMQ,RCMQ,24.26469993591309,120.62100219726562,663,8.0,N,Asia/Taipei,airport,OurAirports
2270,Tainan Airport,Tainan,Taiwan,TNN,RCNN,22.95039939880371,120.20600128173828,63,8.0,U,Asia/Taipei,airport,OurAirports
2272,Makung Airport,Makung,Taiwan,MZG,RCQC,23.568700790405273,119.62799835205078,103,8.0,U,Asia/Taipei,airport,OurAirports
2275,Taipei Songshan Airport,Taipei,Taiwan,TSA,RCSS,25.069400787353516,121.552001953125,18,8.0,U,Asia/Taipei,airport,OurAirports
2276,Taiwan Taoyuan International Airport,Taipei,Taiwan,TPE,RCTP,25.0777,121.233002,106,8.0,U,Asia/Taipei,airport,OurAirports
2278,Hualien Airport,Hualien,Taiwan,HUN,RCYU,24.023099899291992,121.61799621582033,52,8.0,U,Asia/Taipei,airport,OurAirports
2279,Narita International Airport,Tokyo,Japan,NRT,RJAA,35.7647018433,140.386001587,141,9.0,U,Asia/Tokyo,airport,OurAirports
2280,Matsumoto Airport,Matsumoto,Japan,MMJ,RJAF,36.16680145263672,137.92300415039062,2182,9.0,U,Asia/Tokyo,airport,OurAirports
2281,Hyakuri Airport,Ibaraki,Japan,IBR,RJAH,36.181098938,140.414993286,105,9.0,U,Asia/Tokyo,airport,OurAirports
2284,Nanki Shirahama Airport,Nanki-shirahama,Japan,SHM,RJBD,33.6622009277,135.363998413,298,9.0,U,Asia/Tokyo,airport,OurAirports
2286,Tokachi-Obihiro Airport,Obihiro,Japan,OBO,RJCB,42.7332992554,143.216995239,505,9.0,U,Asia/Tokyo,airport,OurAirports
2287,New Chitose Airport,Sapporo,Japan,CTS,RJCC,42.77519989013672,141.69200134277344,82,9.0,U,Asia/Tokyo,airport,OurAirports
2288,Hakodate Airport,Hakodate,Japan,HKD,RJCH,41.7700004578,140.822006226,151,9.0,U,Asia/Tokyo,airport,OurAirports
2290,Memanbetsu Airport,Memanbetsu,Japan,MMB,RJCM,43.8805999756,144.164001465,135,9.0,U,Asia/Tokyo,airport,OurAirports
2291,Nakashibetsu Airport,Nakashibetsu,Japan,SHB,RJCN,43.5774993896,144.960006714,234,9.0,U,Asia/Tokyo,airport,OurAirports
2294,Wakkanai Airport,Wakkanai,Japan,WKJ,RJCW,45.4042015076,141.800994873,30,9.0,U,Asia/Tokyo,airport,OurAirports
2295,Iki Airport,Iki,Japan,IKI,RJDB,33.7490005493,129.785003662,41,9.0,U,Asia/Tokyo,airport,OurAirports
2296,Yamaguchi Ube Airport,Yamaguchi,Japan,UBJ,RJDC,33.930000305200004,131.279006958,23,9.0,U,Asia/Tokyo,airport,OurAirports
2297,Tsushima Airport,Tsushima,Japan,TSJ,RJDT,34.2849006653,129.330993652,213,9.0,U,Asia/Tokyo,airport,OurAirports
2298,Monbetsu Airport,Monbetsu,Japan,MBE,RJEB,44.303901672399995,143.404006958,80,9.0,U,Asia/Tokyo,airport,OurAirports
2299,Asahikawa Airport,Asahikawa,Japan,AKJ,RJEC,43.670799255371094,142.44700622558594,721,9.0,U,Asia/Tokyo,airport,OurAirports
2304,Fukue Airport,Fukue,Japan,FUJ,RJFE,32.66630172729492,128.83299255371094,273,9.0,U,Asia/Tokyo,airport,OurAirports
2305,Fukuoka Airport,Fukuoka,Japan,FUK,RJFF,33.585899353027344,130.4510040283203,32,9.0,U,Asia/Tokyo,airport,OurAirports
2307,Kagoshima Airport,Kagoshima,Japan,KOJ,RJFK,31.80340003967285,130.718994140625,906,9.0,U,Asia/Tokyo,airport,OurAirports
2308,Miyazaki Airport,Miyazaki,Japan,KMI,RJFM,31.877199173,131.449005127,20,9.0,U,Asia/Tokyo,airport,OurAirports
2310,Oita Airport,Oita,Japan,OIT,RJFO,33.479400634799994,131.736999512,19,9.0,U,Asia/Tokyo,airport,OurAirports
2311,Kitakyūshū Airport,Kitakyushu,Japan,KKJ,RJFR,33.8459014893,131.035003662,21,9.0,U,Asia/Tokyo,airport,OurAirports
2312,Kumamoto Airport,Kumamoto,Japan,KMJ,RJFT,32.83729934692383,130.85499572753906,642,9.0,U,Asia/Tokyo,airport,OurAirports
2313,Nagasaki Airport,Nagasaki,Japan,NGS,RJFU,32.916900634799994,129.914001465,15,9.0,U,Asia/Tokyo,airport,OurAirports
2316,Amami Airport,Amami,Japan,ASJ,RJKA,28.430599212646484,129.71299743652344,27,9.0,U,Asia/Tokyo,airport,OurAirports
2322,Komatsu Airport,Kanazawa,Japan,KMQ,RJNK,36.39459991455078,136.40699768066406,36,9.0,U,Asia/Tokyo,airport,OurAirports
2324,Toyama Airport,Toyama,Japan,TOY,RJNT,36.64830017089844,137.18800354003906,95,9.0,U,Asia/Tokyo,airport,OurAirports
2326,Hiroshima Airport,Hiroshima,Japan,HIJ,RJOA,34.4361000061,132.919006348,1088,9.0,U,Asia/Tokyo,airport,OurAirports
2327,Okayama Airport,Okayama,Japan,OKJ,RJOB,34.7569007874,133.854995728,806,9.0,U,Asia/Tokyo,airport,OurAirports
2328,Izumo Airport,Izumo,Japan,IZO,RJOC,35.4136009216,132.88999939,15,9.0,U,Asia/Tokyo,airport,OurAirports
2330,Miho Yonago Airport,Miho,Japan,YGJ,RJOH,35.4921989440918,133.23599243164062,20,9.0,U,Asia/Tokyo,airport,OurAirports
2332,Kōchi Ryōma Airport,Kochi,Japan,KCZ,RJOK,33.546101,133.669006,42,9.0,U,Asia/Tokyo,airport,OurAirports
2333,Matsuyama Airport,Matsuyama,Japan,MYJ,RJOM,33.82720184326172,132.6999969482422,25,9.0,U,Asia/Tokyo,airport,OurAirports
2334,Osaka International Airport,Osaka,Japan,ITM,RJOO,34.785499572753906,135.43800354003906,50,9.0,U,Asia/Tokyo,airport,OurAirports
2335,Tottori Airport,Tottori,Japan,TTJ,RJOR,35.5301017761,134.167007446,65,9.0,U,Asia/Tokyo,airport,OurAirports
2336,Tokushima Airport/JMSDF Air Base,Tokushima,Japan,TKS,RJOS,34.132801,134.606995,26,9.0,U,Asia/Tokyo,airport,OurAirports
2337,Takamatsu Airport,Takamatsu,Japan,TAK,RJOT,34.214199066199996,134.01600647,607,9.0,U,Asia/Tokyo,airport,OurAirports
2340,Aomori Airport,Aomori,Japan,AOJ,RJSA,40.73469924926758,140.6909942626953,664,9.0,U,Asia/Tokyo,airport,OurAirports
2341,Yamagata Airport,Yamagata,Japan,GAJ,RJSC,38.411899566699994,140.371002197,353,9.0,U,Asia/Tokyo,airport,OurAirports
2344,Hanamaki Airport,Hanamaki,Japan,HNA,RJSI,39.4286003112793,141.13499450683594,297,9.0,U,Asia/Tokyo,airport,OurAirports
2345,Akita Airport,Akita,Japan,AXT,RJSK,39.6156005859375,140.218994140625,313,9.0,U,Asia/Tokyo,airport,OurAirports
2346,Misawa Air Base,Misawa,Japan,MSJ,RJSM,40.703201293899994,141.367996216,119,9.0,U,Asia/Tokyo,airport,OurAirports
2347,Sendai Airport,Sendai,Japan,SDJ,RJSS,38.1397018433,140.917007446,15,9.0,U,Asia/Tokyo,airport,OurAirports
2352,Hachijojima Airport,Hachijojima,Japan,HAC,RJTH,33.1150016785,139.785995483,303,9.0,U,Asia/Tokyo,airport,OurAirports
2356,Oshima Airport,Oshima,Japan,OIM,RJTO,34.782001495399996,139.36000061,130,9.0,U,Asia/Tokyo,airport,OurAirports
2359,Tokyo Haneda International Airport,Tokyo,Japan,HND,RJTT,35.552299,139.779999,35,9.0,U,Asia/Tokyo,airport,OurAirports
2361,Gwangju Airport,Kwangju,South Korea,KWJ,RKJJ,35.123173,126.805444,39,9.0,U,Asia/Seoul,airport,OurAirports
2365,Yeosu Airport,Yeosu,South Korea,RSU,RKJY,34.84230041503906,127.61699676513672,53,9.0,U,Asia/Seoul,airport,OurAirports
2370,Jeju International Airport,Cheju,South Korea,CJU,RKPC,33.51129913330078,126.49299621582033,118,9.0,U,Asia/Seoul,airport,OurAirports
2372,Gimhae International Airport,Busan,South Korea,PUS,RKPK,35.1795005798,128.93800354,6,9.0,U,Asia/Seoul,airport,OurAirports
2374,Ulsan Airport,Ulsan,South Korea,USN,RKPU,35.59349823,129.352005005,45,9.0,U,Asia/Seoul,airport,OurAirports
2378,Gimpo International Airport,Seoul,South Korea,GMP,RKSS,37.5583,126.791,59,9.0,U,Asia/Seoul,airport,OurAirports
2380,Pohang Airport (G-815/K-3),Pohang,South Korea,KPO,RKTH,35.987955,129.420383,70,9.0,U,Asia/Seoul,airport,OurAirports
2381,Daegu Airport,Taegu,South Korea,TAE,RKTN,35.896872,128.65531,116,9.0,U,Asia/Seoul,airport,OurAirports
2384,Naha Airport,Okinawa,Japan,OKA,ROAH,26.1958007812,127.646003723,12,9.0,N,Asia/Tokyo,airport,OurAirports
2387,New Ishigaki Airport,Ishigaki,Japan,ISG,ROIG,24.396389,124.245,102,9.0,U,Asia/Tokyo,airport,OurAirports
2388,Kumejima Airport,Kumejima,Japan,UEO,ROKJ,26.363500595092773,126.71399688720705,23,9.0,U,Asia/Tokyo,airport,OurAirports
2390,Miyako Airport,Miyako,Japan,MMY,ROMY,24.782800674399997,125.294998169,150,9.0,U,Asia/Tokyo,airport,OurAirports
2397,Ninoy Aquino International Airport,Manila,Philippines,MNL,RPLL,14.5086,121.019997,75,8.0,N,Asia/Manila,airport,OurAirports
2399,Awang Airport,Cotabato,Philippines,CBO,RPMC,7.1652398109436035,124.20999908447266,189,8.0,N,Asia/Manila,airport,OurAirports
2401,Pagadian Airport,Pagadian,Philippines,PAG,RPMP,7.83073144787,123.461179733,5,8.0,N,Asia/Manila,airport,OurAirports
2402,General Santos International Airport,Romblon,Philippines,GES,RPMR,6.05800008774,125.096000671,505,8.0,N,Asia/Manila,airport,OurAirports
2404,Zamboanga International Airport,Zamboanga,Philippines,ZAM,RPMZ,6.922420024871826,122.05999755859376,33,8.0,N,Asia/Manila,airport,OurAirports
2409,San Jose Airport,San Jose,Philippines,SJI,RPUH,12.361499786399998,121.04699707,14,8.0,N,Asia/Manila,airport,OurAirports
2422,Daniel Z. Romualdez Airport,Tacloban,Philippines,TAC,RPVA,11.228035,125.027761,10,8.0,N,Asia/Manila,airport,OurAirports
2423,Bacolod-Silay Airport,Bacolod,Philippines,BCD,RPVB,10.7764,123.014999,82,8.0,N,Asia/Manila,airport,OurAirports
2425,Sibulan Airport,Dumaguete,Philippines,DGT,RPVD,9.3337097168,123.300003052,15,8.0,N,Asia/Manila,airport,OurAirports
2426,Godofredo P. Ramos Airport,Caticlan,Philippines,MPH,RPVE,11.9245,121.954002,7,8.0,N,Asia/Manila,airport,OurAirports
2429,Iloilo International Airport,Iloilo,Philippines,ILO,RPVI,10.833017,122.493358,27,8.0,N,Asia/Manila,airport,OurAirports
2430,Kalibo International Airport,Kalibo,Philippines,KLO,RPVK,11.679400444,122.375999451,14,8.0,N,Asia/Manila,airport,OurAirports
2433,Puerto Princesa Airport,Puerto Princesa,Philippines,PPS,RPVP,9.742119789123535,118.75900268554688,71,8.0,N,Asia/Manila,airport,OurAirports
2657,Mataveri Airport,Easter Island,Chile,IPC,SCIP,-27.1648006439,-109.42199707,227,-6.0,S,Pacific/Easter,airport,OurAirports
2672,Seymour Airport,Galapagos,Ecuador,GPS,SEGS,-0.4537580013275146,-90.26589965820312,207,-6.0,U,Pacific/Galapagos,airport,OurAirports
2908,Almaty Airport,Alma-ata,Kazakhstan,ALA,UAAA,43.35210037231445,77.04049682617188,2234,6.0,U,Asia/Qyzylorda,airport,OurAirports
2910,Astana International Airport,Tselinograd,Kazakhstan,TSE,UACC,51.02220153808594,71.46690368652344,1165,6.0,U,Asia/Qyzylorda,airport,OurAirports
2911,Taraz Airport,Dzhambul,Kazakhstan,DMB,UADD,42.85359954833984,71.30359649658203,2184,6.0,U,Asia/Qyzylorda,airport,OurAirports
2912,Manas International Airport,Bishkek,Kyrgyzstan,FRU,UAFM,43.0612983704,74.4776000977,2058,6.0,U,Asia/Bishkek,airport,OurAirports
2913,Osh Airport,Osh,Kyrgyzstan,OSS,UAFO,40.6090011597,72.793296814,2927,6.0,U,Asia/Bishkek,airport,OurAirports
2914,Shymkent Airport,Chimkent,Kazakhstan,CIT,UAII,42.364200592041016,69.47889709472656,1385,6.0,U,Asia/Qyzylorda,airport,OurAirports
2916,Uralsk Airport,Uralsk,Kazakhstan,URA,UARR,51.15079879760742,51.54309844970703,125,5.0,U,Asia/Oral,airport,OurAirports
2917,Pavlodar Airport,Pavlodar,Kazakhstan,PWQ,UASP,52.19499969482422,77.07389831542969,410,6.0,U,Asia/Qyzylorda,airport,OurAirports
2918,Semipalatinsk Airport,Semiplatinsk,Kazakhstan,PLX,UASS,50.351295,80.234398,761,6.0,U,Asia/Qyzylorda,airport,OurAirports
2920,Aktobe Airport,Aktyubinsk,Kazakhstan,AKX,UATT,50.2458,57.206699,738,5.0,U,Asia/Oral,airport,OurAirports
2922,Heydar Aliyev International Airport,Baku,Azerbaijan,GYD,UBBB,40.467498779296875,50.04669952392578,10,4.0,E,Asia/Baku,airport,OurAirports
2923,Yakutsk Airport,Yakutsk,Russia,YKS,UEEE,62.093299865722656,129.77099609375,325,9.0,N,Asia/Yakutsk,airport,OurAirports
2925,Mirny Airport,Mirnyj,Russia,MJZ,UERR,62.534698486328125,114.03900146484376,1156,9.0,N,Asia/Yakutsk,airport,OurAirports
2926,Ignatyevo Airport,Blagoveschensk,Russia,BQS,UHBB,50.42539978027344,127.41200256347656,638,9.0,N,Asia/Yakutsk,airport,OurAirports
2927,Khabarovsk-Novy Airport,Khabarovsk,Russia,KHV,UHHH,48.52799987793,135.18800354004,244,10.0,N,Asia/Vladivostok,airport,OurAirports
2930,Sokol Airport,Magadan,Russia,GDX,UHMM,59.9109992980957,150.72000122070312,574,11.0,N,Asia/Srednekolymsk,airport,OurAirports
2932,Yelizovo Airport,Petropavlovsk,Russia,PKC,UHPP,53.16790008544922,158.45399475097656,131,12.0,N,Asia/Anadyr,airport,OurAirports
2933,Yuzhno-Sakhalinsk Airport,Yuzhno-sakhalinsk,Russia,UUS,UHSS,46.88869857788086,142.71800231933594,59,11.0,N,Asia/Srednekolymsk,airport,OurAirports
2934,Vladivostok International Airport,Vladivostok,Russia,VVO,UHWW,43.39899826049805,132.1479949951172,46,10.0,N,Asia/Vladivostok,airport,OurAirports
2935,Chita-Kadala Airport,Chita,Russia,HTA,UIAA,52.026299,113.306,2272,9.0,N,Asia/Yakutsk,airport,OurAirports
2936,Bratsk Airport,Bratsk,Russia,BTK,UIBB,56.370601654052734,101.697998046875,1610,8.0,N,Asia/Irkutsk,airport,OurAirports
2937,Irkutsk Airport,Irkutsk,Russia,IKT,UIII,52.268001556396,104.38899993896,1675,8.0,N,Asia/Irkutsk,airport,OurAirports
2938,Ulan-Ude Airport (Mukhino),Ulan-ude,Russia,UUD,UIUU,51.80780029296875,107.43800354003906,1690,8.0,N,Asia/Irkutsk,airport,OurAirports
2955,Abakan Airport,Abakan,Russia,ABA,UNAA,53.7400016784668,91.38500213623048,831,7.0,N,Asia/Krasnoyarsk,airport,OurAirports
2956,Barnaul Airport,Barnaul,Russia,BAX,UNBB,53.363800048828125,83.53849792480469,837,7.0,N,Asia/Krasnoyarsk,airport,OurAirports
2957,Kemerovo Airport,Kemorovo,Russia,KEJ,UNEE,55.27009963989258,86.1072006225586,863,7.0,N,Asia/Krasnoyarsk,airport,OurAirports
2958,Omsk Central Airport,Omsk,Russia,OMS,UNOO,54.96699905395508,73.31050109863281,311,6.0,N,Asia/Omsk,airport,OurAirports
2968,Chelyabinsk Balandino Airport,Chelyabinsk,Russia,CEK,USCC,55.305801,61.5033,769,5.0,N,Asia/Yekaterinburg,airport,OurAirports
2969,Magnitogorsk International Airport,Magnetiogorsk,Russia,MQF,USCM,53.39310073852539,58.75569915771485,1430,5.0,N,Asia/Yekaterinburg,airport,OurAirports
2972,Nizhnevartovsk Airport,Nizhnevartovsk,Russia,NJC,USNN,60.94929885864258,76.48359680175781,177,5.0,N,Asia/Yekaterinburg,airport,OurAirports
2973,Bolshoye Savino Airport,Perm,Russia,PEE,USPP,57.914501190186,56.021198272705,404,5.0,N,Asia/Yekaterinburg,airport,OurAirports
2974,Surgut Airport,Surgut,Russia,SGC,USRR,61.34370040893555,73.40180206298828,200,5.0,N,Asia/Yekaterinburg,airport,OurAirports
2975,Koltsovo Airport,Yekaterinburg,Russia,SVX,USSS,56.743099212646,60.802700042725,764,5.0,N,Asia/Yekaterinburg,airport,OurAirports
2976,Ashgabat International Airport,Ashkhabad,Turkmenistan,ASB,UTAA,37.986801,58.361,692,5.0,U,Asia/Ashgabat,airport,OurAirports
2979,Dushanbe Airport,Dushanbe,Tajikistan,DYU,UTDD,38.5433006287,68.8249969482,2575,5.0,U,Asia/Dushanbe,airport,OurAirports
2980,Bukhara Airport,Bukhara,Uzbekistan,BHK,UTSB,39.775001525878906,64.4832992553711,751,5.0,U,Asia/Samarkand,airport,OurAirports
2981,Samarkand Airport,Samarkand,Uzbekistan,SKD,UTSS,39.70050048828125,66.98380279541016,2224,5.0,U,Asia/Samarkand,airport,OurAirports
2983,Tashkent International Airport,Tashkent,Uzbekistan,TAS,UTTT,41.257900238,69.2811965942,1417,5.0,U,Asia/Samarkand,airport,OurAirports
2991,Orenburg Central Airport,Orenburg,Russia,REN,UWOO,51.795799255371094,55.45669937133789,387,5.0,N,Asia/Yekaterinburg,airport,OurAirports
2992,Ufa International Airport,Ufa,Russia,UFA,UWUU,54.557498931885,55.874401092529,449,5.0,N,Asia/Yekaterinburg,airport,OurAirports
2994,Sardar Vallabhbhai Patel International Airport,Ahmedabad,India,AMD,VAAH,23.0771999359,72.63469696039999,189,5.5,N,Asia/Calcutta,airport,OurAirports
2996,Aurangabad Airport,Aurangabad,India,IXU,VAAU,19.862699508666992,75.39810180664062,1911,5.5,N,Asia/Calcutta,airport,OurAirports
2997,Chhatrapati Shivaji International Airport,Mumbai,India,BOM,VABB,19.0886993408,72.8678970337,39,5.5,N,Asia/Calcutta,airport,OurAirports
2999,Bhuj Airport,Bhuj,India,BHJ,VABJ,23.2877998352,69.6701965332,268,5.5,N,Asia/Calcutta,airport,OurAirports
3000,Belgaum Airport,Belgaum,India,IXG,VABM,15.8592996597,74.6183013916,2487,5.5,N,Asia/Calcutta,airport,OurAirports
3001,Vadodara Airport,Baroda,India,BDQ,VABO,22.336201,73.226303,129,5.5,N,Asia/Calcutta,airport,OurAirports
3002,Raja Bhoj International Airport,Bhopal,India,BHO,VABP,23.2875003815,77.3374023438,1711,5.5,N,Asia/Calcutta,airport,OurAirports
3003,Bhavnagar Airport,Bhaunagar,India,BHU,VABV,21.752199173,72.1852035522,44,5.5,N,Asia/Calcutta,airport,OurAirports
3007,Dabolim Airport,Goa,India,GOI,VAGO,15.3808002472,73.8313980103,150,5.5,N,Asia/Calcutta,airport,OurAirports
3008,Devi Ahilyabai Holkar Airport,Indore,India,IDR,VAID,22.7217998505,75.8011016846,1850,5.5,N,Asia/Calcutta,airport,OurAirports
3009,Jabalpur Airport,Jabalpur,India,JLR,VAJB,23.177799224853516,80.052001953125,1624,5.5,N,Asia/Calcutta,airport,OurAirports
3010,Jamnagar Airport,Jamnagar,India,JGA,VAJM,22.465499877929688,70.01260375976562,69,5.5,N,Asia/Calcutta,airport,OurAirports
3012,Khajuraho Airport,Khajuraho,India,HJR,VAKJ,24.817199707,79.91860198970001,728,5.5,N,Asia/Calcutta,airport,OurAirports
3015,Dr. Babasaheb Ambedkar International Airport,Nagpur,India,NAG,VANP,21.092199325561523,79.04720306396484,1033,5.5,N,Asia/Calcutta,airport,OurAirports
3017,Pune Airport,Pune,India,PNQ,VAPO,18.58209991455078,73.9197006225586,1942,5.5,N,Asia/Calcutta,airport,OurAirports
3018,Porbandar Airport,Porbandar,India,PBD,VAPR,21.6487007141,69.65720367429999,23,5.5,N,Asia/Calcutta,airport,OurAirports
3019,Rajkot Airport,Rajkot,India,RAJ,VARK,22.3092002869,70.77950286869999,441,5.5,N,Asia/Calcutta,airport,OurAirports
3020,Raipur Airport,Raipur,India,RPR,VARP,21.180401,81.7388,1041,5.5,N,Asia/Calcutta,airport,OurAirports
3022,Surat Airport,Surat,India,STV,VASU,21.1140995026,72.7417984009,16,5.5,N,Asia/Calcutta,airport,OurAirports
3023,Maharana Pratap Airport,Udaipur,India,UDR,VAUD,24.617700576799997,73.89610290530001,1684,5.5,N,Asia/Calcutta,airport,OurAirports
3024,Bandaranaike International Colombo Airport,Colombo,Sri Lanka,CMB,VCBI,7.180759906768799,79.88410186767578,30,5.5,U,Asia/Colombo,airport,OurAirports
3026,Batticaloa Airport,Batticaloa,Sri Lanka,BTC,VCCB,7.70576,81.678802,20,5.5,U,Asia/Colombo,airport,OurAirports
3030,China Bay Airport,Trinciomalee,Sri Lanka,TRR,VCCT,8.5385103225708,81.18190002441406,6,5.5,U,Asia/Colombo,airport,OurAirports
3034,Phnom Penh International Airport,Phnom-penh,Cambodia,PNH,VDPP,11.546600341796877,104.84400177001952,40,7.0,U,Asia/Phnom_Penh,airport,OurAirports
3035,Siem Reap International Airport,Siem-reap,Cambodia,REP,VDSR,13.410699844400002,103.81300354,60,7.0,U,Asia/Phnom_Penh,airport,OurAirports
3038,Agartala Airport,Agartala,India,IXA,VEAT,23.8869991302,91.2404022217,46,5.5,N,Asia/Calcutta,airport,OurAirports
3039,Lengpui Airport,Aizwal,India,AJL,VELP,23.840599060099997,92.6196975708,1398,5.5,N,Asia/Calcutta,airport,OurAirports
3040,Bagdogra Airport,Baghdogra,India,IXB,VEBD,26.68120002746582,88.32859802246094,412,5.5,N,Asia/Calcutta,airport,OurAirports
3042,Biju Patnaik Airport,Bhubaneswar,India,BBI,VEBS,20.244400024399997,85.8178024292,138,5.5,N,Asia/Calcutta,airport,OurAirports
3043,Netaji Subhash Chandra Bose International Airport,Kolkata,India,CCU,VECC,22.654699325561523,88.44670104980469,16,5.5,N,Asia/Calcutta,airport,OurAirports
3050,Imphal Airport,Imphal,India,IMF,VEIM,24.7600002289,93.896697998,2540,5.5,N,Asia/Calcutta,airport,OurAirports
3055,Silchar Airport,Silchar,India,IXS,VEKU,24.9129009247,92.9786987305,352,5.5,N,Asia/Calcutta,airport,OurAirports
3057,Dibrugarh Airport,Mohanbari,India,DIB,VEMN,27.4839000702,95.0168991089,362,5.5,N,Asia/Calcutta,airport,OurAirports
3061,Lok Nayak Jayaprakash Airport,Patina,India,PAT,VEPT,25.591299057,85.0879974365,170,5.5,N,Asia/Calcutta,airport,OurAirports
3063,Birsa Munda Airport,Ranchi,India,IXR,VERC,23.314300537100003,85.3217010498,2148,5.5,N,Asia/Calcutta,airport,OurAirports
3066,Vishakhapatnam Airport,Vishakhapatnam,India,VTZ,VEVZ,17.721200943,83.2245025635,15,5.5,N,Asia/Calcutta,airport,OurAirports
3068,Cox's Bazar Airport,Cox's Bazar,Bangladesh,CXB,VGCB,21.45219993591309,91.96389770507812,12,6.0,U,Asia/Dhaka,airport,OurAirports
3069,Shah Amanat International Airport,Chittagong,Bangladesh,CGP,VGEG,22.24959945678711,91.81330108642578,12,6.0,U,Asia/Dhaka,airport,OurAirports
3071,Jessore Airport,Jessore,Bangladesh,JSR,VGJR,23.183799743652344,89.16079711914062,20,6.0,U,Asia/Dhaka,airport,OurAirports
3072,Shah Mokhdum Airport,Rajshahi,Bangladesh,RJH,VGRJ,24.43720054626465,88.61650085449219,64,6.0,U,Asia/Dhaka,airport,OurAirports
3073,Saidpur Airport,Saidpur,Bangladesh,SPD,VGSD,25.759199142456055,88.90889739990234,125,6.0,U,Asia/Dhaka,airport,OurAirports
3074,Osmany International Airport,Sylhet Osmani,Bangladesh,ZYL,VGSY,24.963199615478516,91.8667984008789,50,6.0,U,Asia/Dhaka,airport,OurAirports
3076,Hazrat Shahjalal International Airport,Dhaka,Bangladesh,DAC,VGZR,23.843347,90.397783,30,6.0,U,Asia/Dhaka,airport,OurAirports
3077,Hong Kong International Airport,Hong Kong,Hong Kong,HKG,VHHH,22.308901,113.915001,28,8.0,U,Asia/Hong_Kong,airport,OurAirports
3079,Agra Airport,Agra,India,AGR,VIAG,27.155799865722656,77.96089935302734,551,5.5,N,Asia/Calcutta,airport,OurAirports
3080,Allahabad Airport,Allahabad,India,IXD,VIAL,25.440099716186523,81.73390197753906,322,5.5,N,Asia/Calcutta,airport,OurAirports
3081,Sri Guru Ram Dass Jee International Airport,Amritsar,India,ATQ,VIAR,31.7096004486,74.7973022461,756,5.5,N,Asia/Calcutta,airport,OurAirports
3084,Lal Bahadur Shastri Airport,Varanasi,India,VNS,VIBN,25.4524002075,82.8592987061,266,5.5,N,Asia/Calcutta,airport,OurAirports
3085,Kullu Manali Airport,Kulu,India,KUU,VIBR,31.876699447631836,77.15440368652344,3573,5.5,N,Asia/Calcutta,airport,OurAirports
3089,Chandigarh Airport,Chandigarh,India,IXC,VICG,30.673500061035156,76.78849792480469,1012,5.5,N,Asia/Calcutta,airport,OurAirports
3090,Kanpur Airport,Kanpur,India,KNU,VICX,26.404301,80.410103,410,5.5,N,Asia/Calcutta,airport,OurAirports
3092,Dehradun Airport,Dehra Dun,India,DED,VIDN,30.189699,78.180298,1831,5.5,N,Asia/Calcutta,airport,OurAirports
3093,Indira Gandhi International Airport,Delhi,India,DEL,VIDP,28.5665,77.103104,777,5.5,N,Asia/Calcutta,airport,OurAirports
3094,Gwalior Airport,Gwalior,India,GWL,VIGR,26.29330062866211,78.22779846191406,617,5.5,N,Asia/Calcutta,airport,OurAirports
3097,Jodhpur Airport,Jodhpur,India,JDH,VIJO,26.251100540161133,73.04889678955078,717,5.5,N,Asia/Calcutta,airport,OurAirports
3098,Jaipur International Airport,Jaipur,India,JAI,VIJP,26.8242,75.812202,1263,5.5,N,Asia/Calcutta,airport,OurAirports
3100,Jammu Airport,Jammu,India,IXJ,VIJU,32.6890983582,74.8374023438,1029,5.5,N,Asia/Calcutta,airport,OurAirports
3103,Ludhiana Airport,Ludhiaha,India,LUH,VILD,30.854700088500977,75.95259857177734,834,5.5,N,Asia/Calcutta,airport,OurAirports
3104,Leh Kushok Bakula Rimpochee Airport,Leh,India,IXL,VILH,34.1358985901,77.5465011597,10682,5.5,N,Asia/Calcutta,airport,OurAirports
3105,Chaudhary Charan Singh International Airport,Lucknow,India,LKO,VILK,26.7605991364,80.8892974854,410,5.5,N,Asia/Calcutta,airport,OurAirports
3112,Sheikh ul Alam Airport,Srinagar,India,SXR,VISR,33.987098693847656,74.77420043945312,5429,5.5,N,Asia/Calcutta,airport,OurAirports
3115,Luang Phabang International Airport,Luang Prabang,Laos,LPQ,VLLB,19.897300720214844,102.16100311279295,955,7.0,U,Asia/Vientiane,airport,OurAirports
3116,Pakse International Airport,Pakse,Laos,PKZ,VLPS,15.132100105285645,105.78099822998048,351,7.0,U,Asia/Vientiane,airport,OurAirports
3118,Savannakhet Airport,Savannakhet,Laos,ZVK,VLSK,16.55660057067871,104.76000213623048,509,7.0,U,Asia/Vientiane,airport,OurAirports
3120,Wattay International Airport,Vientiane,Laos,VTE,VLVT,17.988300323500003,102.56300354,564,7.0,U,Asia/Vientiane,airport,OurAirports
3121,Macau International Airport,Macau,Macau,MFM,VMMC,22.149599,113.592003,20,8.0,U,Asia/Macau,airport,OurAirports
3122,Gautam Buddha Airport,Bhairawa,Nepal,BWA,VNBW,27.505685,83.416293,358,5.75,N,Asia/Katmandu,airport,OurAirports
3124,Janakpur Airport,Janakpur,Nepal,JKR,VNJP,26.708799362199997,85.9224014282,256,5.75,N,Asia/Katmandu,airport,OurAirports
3125,Tribhuvan International Airport,Kathmandu,Nepal,KTM,VNKT,27.6966,85.3591,4390,5.75,N,Asia/Katmandu,airport,OurAirports
3127,Pokhara Airport,Pokhara,Nepal,PKR,VNPK,28.200899124145508,83.98210144042969,2712,5.75,N,Asia/Katmandu,airport,OurAirports
3129,Biratnagar Airport,Biratnagar,Nepal,BIR,VNVT,26.48150062561035,87.26399993896484,236,5.75,N,Asia/Katmandu,airport,OurAirports
3130,Agatti Airport,Agatti Island,India,AGX,VOAT,10.823699951171877,72.1760025024414,14,5.5,N,Asia/Calcutta,airport,OurAirports
3131,Kempegowda International Airport,Bangalore,India,BLR,VOBL,13.1979,77.706299,3000,5.5,N,Asia/Calcutta,airport,OurAirports
3134,Vijayawada Airport,Vijayawada,India,VGA,VOBZ,16.530399322509766,80.79679870605469,82,5.5,N,Asia/Calcutta,airport,OurAirports
3135,Coimbatore International Airport,Coimbatore,India,CJB,VOCB,11.029999733,77.0434036255,1324,5.5,N,Asia/Calcutta,airport,OurAirports
3136,Cochin International Airport,Kochi,India,COK,VOCI,10.152,76.401901,30,5.5,N,Asia/Calcutta,airport,OurAirports
3137,Calicut International Airport,Calicut,India,CCJ,VOCL,11.1367998123,75.95529937740001,342,5.5,N,Asia/Calcutta,airport,OurAirports
3142,Madurai Airport,Madurai,India,IXM,VOMD,9.83450984955,78.09339904790001,459,5.5,N,Asia/Calcutta,airport,OurAirports
3143,Mangalore International Airport,Mangalore,India,IXE,VOML,12.9612998962,74.8900985718,337,5.5,N,Asia/Calcutta,airport,OurAirports
3144,Chennai International Airport,Madras,India,MAA,VOMM,12.990005493164062,80.16929626464844,52,5.5,N,Asia/Calcutta,airport,OurAirports
3146,Vir Savarkar International Airport,Port Blair,India,IXZ,VOPB,11.641200065612791,92.72969818115234,14,5.5,N,Asia/Calcutta,airport,OurAirports
3148,Rajahmundry Airport,Rajahmundry,India,RJA,VORY,17.1103992462,81.81819915770001,151,5.5,N,Asia/Calcutta,airport,OurAirports
3151,Tirupati Airport,Tirupeti,India,TIR,VOTP,13.632499694800002,79.543296814,350,5.5,N,Asia/Calcutta,airport,OurAirports
3152,Tiruchirapally Civil Airport Airport,Tiruchirappalli,India,TRZ,VOTR,10.765399932861328,78.70970153808594,288,5.5,N,Asia/Calcutta,airport,OurAirports
3153,Trivandrum International Airport,Trivandrum,India,TRV,VOTV,8.48211956024,76.9200973511,15,5.5,N,Asia/Calcutta,airport,OurAirports
3155,Paro Airport,Thimphu,Bhutan,PBH,VQPR,27.4032001495,89.42459869380001,7332,6.0,N,Asia/Thimphu,airport,OurAirports
3157,Don Mueang International Airport,Bangkok,Thailand,DMK,VTBD,13.9125995636,100.607002258,9,7.0,U,Asia/Bangkok,airport,OurAirports
3161,U-Tapao International Airport,Pattaya,Thailand,UTP,VTBU,12.67990016937256,101.00499725341795,42,7.0,U,Asia/Bangkok,airport,OurAirports
3163,Lampang Airport,Lampang,Thailand,LPT,VTCL,18.27090072631836,99.50420379638672,811,7.0,U,Asia/Bangkok,airport,OurAirports
3164,Phrae Airport,Phrae,Thailand,PRH,VTCP,18.132200241088867,100.16500091552734,538,7.0,U,Asia/Bangkok,airport,OurAirports
3170,Phitsanulok Airport,Phitsanulok,Thailand,PHS,VTPP,16.782899856567383,100.27899932861328,154,7.0,U,Asia/Bangkok,airport,OurAirports
3173,Narathiwat Airport,Narathiwat,Thailand,NAW,VTSC,6.5199198722839355,101.74299621582033,16,7.0,U,Asia/Bangkok,airport,OurAirports
3174,Krabi Airport,Krabi,Thailand,KBV,VTSG,8.09912014008,98.9861984253,82,7.0,U,Asia/Bangkok,airport,OurAirports
3177,Samui Airport,Ko Samui,Thailand,USM,VTSM,9.547789573669998,100.06199646,64,7.0,U,Asia/Bangkok,airport,OurAirports
3179,Phuket International Airport,Phuket,Thailand,HKT,VTSP,8.1132,98.316902,82,7.0,U,Asia/Bangkok,airport,OurAirports
3180,Ranong Airport,Ranong,Thailand,UNN,VTSR,9.777620315551758,98.58550262451172,57,7.0,U,Asia/Bangkok,airport,OurAirports
3181,Hat Yai International Airport,Hat Yai,Thailand,HDY,VTSS,6.93320989609,100.392997742,90,7.0,U,Asia/Bangkok,airport,OurAirports
3182,Trang Airport,Trang,Thailand,TST,VTST,7.508739948272705,99.6166000366211,67,7.0,U,Asia/Bangkok,airport,OurAirports
3183,Udon Thani Airport,Udon Thani,Thailand,UTH,VTUD,17.386400222800003,102.788002014,579,7.0,U,Asia/Bangkok,airport,OurAirports
3184,Sakon Nakhon Airport,Sakon Nakhon,Thailand,SNO,VTUI,17.195100784301758,104.11900329589844,529,7.0,U,Asia/Bangkok,airport,OurAirports
3186,Loei Airport,Loei,Thailand,LOE,VTUL,17.43910026550293,101.72200012207033,860,7.0,U,Asia/Bangkok,airport,OurAirports
3196,Da Nang International Airport,Danang,Vietnam,DAD,VVDN,16.043899536132812,108.1989974975586,33,7.0,U,Asia/Saigon,airport,OurAirports
3199,Noi Bai International Airport,Hanoi,Vietnam,HAN,VVNB,21.221200942993164,105.80699920654295,39,7.0,U,Asia/Saigon,airport,OurAirports
3201,Phu Bai Airport,Hue,Vietnam,HUI,VVPB,16.401500701899998,107.70300293,48,7.0,U,Asia/Saigon,airport,OurAirports
3204,Phu Quoc International Airport,Phuquoc,Vietnam,PQC,VVPQ,10.1698,103.9931,37,7.0,U,Asia/Saigon,airport,OurAirports
3205,Tan Son Nhat International Airport,Ho Chi Minh City,Vietnam,SGN,VVTS,10.8187999725,106.652000427,33,7.0,U,Asia/Saigon,airport,OurAirports
3209,Bagan Airport,Bagan,Burma,NYU,VYBG,21.178800582885746,94.9301986694336,312,6.5,U,Asia/Rangoon,airport,OurAirports
3213,Heho Airport,Heho,Burma,HEH,VYHH,20.746999740600582,96.79199981689452,3858,6.5,U,Asia/Rangoon,airport,OurAirports
3215,Kengtung Airport,Kengtung,Burma,KET,VYKG,21.301599502563477,99.63600158691406,2798,6.5,U,Asia/Rangoon,airport,OurAirports
3217,Kyaukpyu Airport,Kyaukpyu,Burma,KYP,VYKP,19.42639923095703,93.53479766845705,20,6.5,U,Asia/Rangoon,airport,OurAirports
3222,Mandalay International Airport,Mandalay,Burma,MDL,VYMD,21.70219993591309,95.97789764404295,300,6.5,U,Asia/Rangoon,airport,OurAirports
3223,Myeik Airport,Myeik,Burma,MGZ,VYME,12.439800262451172,98.62149810791016,75,6.5,U,Asia/Rangoon,airport,OurAirports
3224,Myitkyina Airport,Myitkyina,Burma,MYT,VYMK,25.38360023498535,97.35189819335938,475,6.5,U,Asia/Rangoon,airport,OurAirports
3232,Putao Airport,Putao,Burma,PBU,VYPT,27.32990074157715,97.42630004882812,1500,6.5,U,Asia/Rangoon,airport,OurAirports
3235,Sittwe Airport,Sittwe,Burma,AKY,VYSW,20.132699966430664,92.87259674072266,27,6.5,U,Asia/Rangoon,airport,OurAirports
3236,Thandwe Airport,Thandwe,Burma,SNW,VYTD,18.4606990814209,94.30010223388672,20,6.5,U,Asia/Rangoon,airport,OurAirports
3237,Tachileik Airport,Tachilek,Burma,THL,VYTL,20.483800888061523,99.9354019165039,1280,6.5,U,Asia/Rangoon,airport,OurAirports
3239,Yangon International Airport,Yangon,Burma,RGN,VYYY,16.907300949099998,96.1332015991,109,6.5,U,Asia/Rangoon,airport,OurAirports
3240,Hasanuddin International Airport,Ujung Pandang,Indonesia,UPG,WAAA,-5.061629772186279,119.5540008544922,47,8.0,N,Asia/Makassar,airport,OurAirports
3241,Frans Kaisiepo Airport,Biak,Indonesia,BIK,WABB,-1.190019965171814,136.10800170898438,46,9.0,N,Asia/Jayapura,airport,OurAirports
3242,Nabire Airport,Nabire,Indonesia,NBX,WABI,-3.36818,135.496002,20,9.0,N,Asia/Jayapura,airport,OurAirports
3243,Moses Kilangin Airport,Timika,Indonesia,TIM,WABP,-4.528279781341553,136.88699340820312,103,9.0,N,Asia/Jayapura,airport,OurAirports
3244,Sentani International Airport,Jayapura,Indonesia,DJJ,WAJJ,-2.5769500733,140.5160064698,289,9.0,N,Asia/Jayapura,airport,OurAirports
3245,Wamena Airport,Wamena,Indonesia,WMX,WAJW,-4.10251,138.957001,5085,9.0,N,Asia/Jayapura,airport,OurAirports
3246,Mopah Airport,Merauke,Indonesia,MKQ,WAKK,-8.52029037475586,140.41799926757812,10,9.0,N,Asia/Jayapura,airport,OurAirports
3247,Jalaluddin Airport,Gorontalo,Indonesia,GTO,WAMG,0.63711899519,122.849998474,105,8.0,N,Asia/Makassar,airport,OurAirports
3249,Mutiara Airport,Palu,Indonesia,PLW,WAML,-0.9185420274734496,119.91000366210938,284,8.0,N,Asia/Makassar,airport,OurAirports
3250,Sam Ratulangi Airport,Manado,Indonesia,MDC,WAMM,1.5492600202560425,124.9260025024414,264,8.0,N,Asia/Makassar,airport,OurAirports
3251,Kasiguncu Airport,Poso,Indonesia,PSJ,WAMP,-1.41674995422,120.657997131,174,8.0,N,Asia/Makassar,airport,OurAirports
3253,Sultan Khairun Babullah Airport,Ternate,Indonesia,TTE,WAMT,0.831413984298706,127.38099670410156,49,9.0,N,Asia/Jayapura,airport,OurAirports
3254,Syukuran Aminuddin Amir Airport,Luwuk,Indonesia,LUW,WAMW,-1.03892,122.772003,56,8.0,N,Asia/Makassar,airport,OurAirports
3256,"Pattimura Airport, Ambon",Ambon,Indonesia,AMQ,WAPP,-3.7102599144,128.089004517,33,9.0,N,Asia/Jayapura,airport,OurAirports
3257,Fakfak Airport,Fak Fak,Indonesia,FKQ,WASF,-2.9201900959014893,132.26699829101562,462,9.0,N,Asia/Jayapura,airport,OurAirports
3258,Kaimana Airport,Kaimana,Indonesia,KNG,WASK,-3.6445200443267822,133.6959991455078,19,9.0,N,Asia/Jayapura,airport,OurAirports
3259,Babo Airport,Babo,Indonesia,BXB,WASO,-2.5322399139404297,133.43899536132812,10,9.0,N,Asia/Jayapura,airport,OurAirports
3260,Rendani Airport,Manokwari,Indonesia,MKW,WASR,-0.8918330073356628,134.0489959716797,23,9.0,N,Asia/Jayapura,airport,OurAirports
3261,Dominique Edward Osok Airport,Sorong,Indonesia,SOQ,WAXX,-0.894,131.287,10,9.0,N,Asia/Jayapura,airport,OurAirports
3262,Bintulu Airport,Bintulu,Malaysia,BTU,WBGB,3.12385010719,113.019996643,74,8.0,N,Asia/Kuala_Lumpur,airport,OurAirports
3263,Kuching International Airport,Kuching,Malaysia,KCH,WBGG,1.4846999645233154,110.34700012207033,89,8.0,N,Asia/Kuala_Lumpur,airport,OurAirports
3264,Limbang Airport,Limbang,Malaysia,LMN,WBGJ,4.808300018310547,115.01000213623048,14,8.0,N,Asia/Kuala_Lumpur,airport,OurAirports
3265,Marudi Airport,Marudi,Malaysia,MUR,WBGM,4.178979873657227,114.3290023803711,103,8.0,N,Asia/Kuala_Lumpur,airport,OurAirports
3266,Miri Airport,Miri,Malaysia,MYY,WBGR,4.322010040283203,113.98699951171876,59,8.0,N,Asia/Kuala_Lumpur,airport,OurAirports
3267,Sibu Airport,Sibu,Malaysia,SBW,WBGS,2.2616000175476074,111.98500061035156,122,8.0,N,Asia/Kuala_Lumpur,airport,OurAirports
3268,Lahad Datu Airport,Lahad Datu,Malaysia,LDU,WBKD,5.032249927520752,118.3239974975586,45,8.0,N,Asia/Kuala_Lumpur,airport,OurAirports
3269,Kota Kinabalu International Airport,Kota Kinabalu,Malaysia,BKI,WBKK,5.9372100830078125,116.0510025024414,10,8.0,N,Asia/Kuala_Lumpur,airport,OurAirports
3270,Labuan Airport,Labuan,Malaysia,LBU,WBKL,5.300680160522461,115.25,101,8.0,N,Asia/Kuala_Lumpur,airport,OurAirports
3271,Tawau Airport,Tawau,Malaysia,TWU,WBKW,4.320159912109375,118.12799835205078,57,8.0,N,Asia/Kuala_Lumpur,airport,OurAirports
3272,Brunei International Airport,Bandar Seri Begawan,Brunei,BWN,WBSB,4.944200038909912,114.9280014038086,73,8.0,U,Asia/Brunei,airport,OurAirports
3273,Sultan Syarif Kasim Ii (Simpang Tiga) Airport,Pekanbaru,Indonesia,PKU,WIBB,0.4607860147953033,101.44499969482422,102,7.0,N,Asia/Jakarta,airport,OurAirports
3275,Soekarno-Hatta International Airport,Jakarta,Indonesia,CGK,WIII,-6.1255698204,106.65599823,34,7.0,N,Asia/Jakarta,airport,OurAirports
3278,Minangkabau International Airport,Padang,Indonesia,PDG,WIPT,-0.786917,100.280998,18,7.0,N,Asia/Jakarta,airport,OurAirports
3282,Ketapang(Rahadi Usman) Airport,Ketapang,Indonesia,KTG,WIOK,-1.816640019416809,109.96299743652344,46,7.0,N,Asia/Jakarta,airport,OurAirports
3284,Supadio Airport,Pontianak,Indonesia,PNK,WIOO,-0.1507109999656677,109.40399932861328,10,7.0,N,Asia/Jakarta,airport,OurAirports
3287,Sultan Thaha Airport,Jambi,Indonesia,DJB,WIPA,-1.6380200386047363,103.6439971923828,82,7.0,N,Asia/Jakarta,airport,OurAirports
3288,Fatmawati Soekarno Airport,Bengkulu,Indonesia,BKS,WIPL,-3.8637,102.338997,50,7.0,N,Asia/Jakarta,airport,OurAirports
3289,Sultan Mahmud Badaruddin II Airport,Palembang,Indonesia,PLM,WIPP,-2.8982501029968,104.69999694824,49,7.0,N,Asia/Jakarta,airport,OurAirports
3294,Sultan Iskandar Muda International Airport,Banda Aceh,Indonesia,BTJ,WITT,5.522872024010001,95.42063713070002,65,7.0,N,Asia/Jakarta,airport,OurAirports
3296,Sultan Abdul Halim Airport,Alor Setar,Malaysia,AOR,WMKA,6.189670085906982,100.39800262451172,15,8.0,N,Asia/Kuala_Lumpur,airport,OurAirports
3298,Sultan Ismail Petra Airport,Kota Bahru,Malaysia,KBR,WMKC,6.1668500900268555,102.29299926757812,16,8.0,N,Asia/Kuala_Lumpur,airport,OurAirports
3299,Kuantan Airport,Kuantan,Malaysia,KUA,WMKD,3.7753899097442623,103.20899963378906,58,8.0,N,Asia/Kuala_Lumpur,airport,OurAirports
3300,Kerteh Airport,Kerteh,Malaysia,KTE,WMKE,4.537220001220703,103.427001953125,18,8.0,N,Asia/Kuala_Lumpur,airport,OurAirports
3302,Sultan Azlan Shah Airport,Ipoh,Malaysia,IPH,WMKI,4.567969799041748,101.09200286865234,130,8.0,N,Asia/Kuala_Lumpur,airport,OurAirports
3303,Senai International Airport,Johor Bahru,Malaysia,JHB,WMKJ,1.64131,103.669998,135,8.0,N,Asia/Kuala_Lumpur,airport,OurAirports
3304,Kuala Lumpur International Airport,Kuala Lumpur,Malaysia,KUL,WMKK,2.745579957962,101.70999908447,69,8.0,N,Asia/Kuala_Lumpur,airport,OurAirports
3305,Langkawi International Airport,Langkawi,Malaysia,LGK,WMKL,6.329730033874512,99.72869873046876,29,8.0,N,Asia/Kuala_Lumpur,airport,OurAirports
3307,Sultan Mahmud Airport,Kuala Terengganu,Malaysia,TGG,WMKN,5.3826398849487305,103.10299682617188,21,8.0,N,Asia/Kuala_Lumpur,airport,OurAirports
3308,Penang International Airport,Penang,Malaysia,PEN,WMKP,5.297140121459961,100.2770004272461,11,8.0,N,Asia/Kuala_Lumpur,airport,OurAirports
3310,Presidente Nicolau Lobato International Airport,Dili,East Timor,DIL,WPDL,-8.54640007019,125.526000977,154,9.0,U,Asia/Dili,airport,OurAirports
3316,Singapore Changi Airport,Singapore,Singapore,SIN,WSSS,1.35019,103.994003,22,8.0,N,Asia/Singapore,airport,OurAirports
3318,Northern Peninsula Airport,Amberley,Australia,ABM,YBAM,-10.9508,142.459,34,10.0,O,Australia/Brisbane,airport,OurAirports
3319,Alice Springs Airport,Alice Springs,Australia,ASP,YBAS,-23.806699752807617,133.90199279785156,1789,9.5,N,Australia/Darwin,airport,OurAirports
3320,Brisbane International Airport,Brisbane,Australia,BNE,YBBN,-27.384199142456055,153.11700439453125,13,10.0,N,Australia/Brisbane,airport,OurAirports
3321,Gold Coast Airport,Coolangatta,Australia,OOL,YBCG,-28.1644001007,153.505004883,21,10.0,N,Australia/Brisbane,airport,OurAirports
3322,Cairns International Airport,Cairns,Australia,CNS,YBCS,-16.885799408,145.755004883,10,10.0,N,Australia/Brisbane,airport,OurAirports
3323,Charleville Airport,Charlieville,Australia,CTL,YBCV,-26.4132995605,146.261993408,1003,10.0,O,Australia/Brisbane,airport,OurAirports
3324,Mount Isa Airport,Mount Isa,Australia,ISA,YBMA,-20.663900375399997,139.488998413,1121,10.0,O,Australia/Brisbane,airport,OurAirports
3325,Sunshine Coast Airport,Maroochydore,Australia,MCY,YBMC,-26.6033,153.091003,15,10.0,O,Australia/Brisbane,airport,OurAirports
3326,Mackay Airport,Mackay,Australia,MKY,YBMK,-21.171699523900003,149.179992676,19,10.0,O,Australia/Brisbane,airport,OurAirports
3328,Proserpine Whitsunday Coast Airport,Prosserpine,Australia,PPP,YBPN,-20.4950008392,148.552001953,82,10.0,O,Australia/Brisbane,airport,OurAirports
3329,Rockhampton Airport,Rockhampton,Australia,ROK,YBRK,-23.3819007874,150.475006104,34,10.0,O,Australia/Brisbane,airport,OurAirports
3330,Townsville Airport,Townsville,Australia,TSV,YBTL,-19.252500534057617,146.76499938964844,18,10.0,N,Australia/Brisbane,airport,OurAirports
3331,Weipa Airport,Weipa,Australia,WEI,YBWP,-12.6786003113,141.925003052,63,10.0,O,Australia/Brisbane,airport,OurAirports
3332,Avalon Airport,Avalon,Australia,AVV,YMAV,-38.039398,144.468994,35,10.0,O,Australia/Hobart,airport,OurAirports
3333,Albury Airport,Albury,Australia,ABX,YMAY,-36.06779861450195,146.95799255371094,539,10.0,O,Australia/Sydney,airport,OurAirports
3334,Melbourne Essendon Airport,Melbourne,Australia,MEB,YMEN,-37.7281,144.901993,282,10.0,O,Australia/Hobart,airport,OurAirports
3336,Hobart International Airport,Hobart,Australia,HBA,YMHB,-42.836101532,147.509994507,13,10.0,O,Australia/Melbourne,airport,OurAirports
3337,Launceston Airport,Launceston,Australia,LST,YMLT,-41.54529953,147.214004517,562,10.0,O,Australia/Melbourne,airport,OurAirports
3339,Melbourne International Airport,Melbourne,Australia,MEL,YMML,-37.673302,144.843002,434,10.0,O,Australia/Hobart,airport,OurAirports
3341,Adelaide International Airport,Adelaide,Australia,ADL,YPAD,-34.945,138.531006,20,9.5,O,Australia/Adelaide,airport,OurAirports
3345,Karratha Airport,Karratha,Australia,KTA,YPKA,-20.712200164799995,116.773002625,29,8.0,O,Australia/Perth,airport,OurAirports
3346,Kalgoorlie Boulder Airport,Kalgoorlie,Australia,KGI,YPKG,-30.789400100699996,121.461997986,1203,8.0,O,Australia/Perth,airport,OurAirports
3347,Kununurra Airport,Kununurra,Australia,KNX,YPKU,-15.7781000137,128.707992554,145,8.0,O,Australia/Perth,airport,OurAirports
3348,Learmonth Airport,Learmonth,Australia,LEA,YPLM,-22.235599517799997,114.088996887,19,8.0,O,Australia/Perth,airport,OurAirports
3349,Port Hedland International Airport,Port Hedland,Australia,PHE,YPPD,-20.3777999878,118.625999451,33,8.0,O,Australia/Perth,airport,OurAirports
3351,Perth International Airport,Perth,Australia,PER,YPPH,-31.94029998779297,115.96700286865234,67,8.0,N,Australia/Perth,airport,OurAirports
3355,Canberra International Airport,Canberra,Australia,CBR,YSCB,-35.30690002441406,149.19500732421875,1886,10.0,O,Australia/Sydney,airport,OurAirports
3356,Coffs Harbour Airport,Coff's Harbour,Australia,CFS,YSCH,-30.3206005096,153.115997314,18,10.0,O,Australia/Sydney,airport,OurAirports
3358,Dubbo City Regional Airport,Dubbo,Australia,DBO,YSDU,-32.2167015076,148.574996948,935,10.0,O,Australia/Sydney,airport,OurAirports
3359,Norfolk Island International Airport,Norfolk Island,Norfolk Island,NLK,YSNF,-29.04159927368164,167.93899536132812,371,11.0,U,Pacific/Norfolk,airport,OurAirports
3361,Sydney Kingsford Smith International Airport,Sydney,Australia,SYD,YSSY,-33.94609832763672,151.177001953125,21,10.0,O,Australia/Sydney,airport,OurAirports
3362,Tamworth Airport,Tamworth,Australia,TMW,YSTW,-31.0839004517,150.847000122,1334,10.0,O,Australia/Sydney,airport,OurAirports
3363,Wagga Wagga City Airport,Wagga Wagga,Australia,WGA,YSWG,-35.1652984619,147.466003418,724,10.0,O,Australia/Sydney,airport,OurAirports
3364,Beijing Capital International Airport,Beijing,China,PEK,ZBAA,40.080101013183594,116.58499908447266,116,8.0,U,Asia/Shanghai,airport,OurAirports
3366,Dongshan Airport,Hailar,China,HLD,ZBLA,49.2050018311,119.824996948,2169,8.0,U,Asia/Shanghai,airport,OurAirports
3368,Tianjin Binhai International Airport,Tianjin,China,TSN,ZBTJ,39.124401092499994,117.346000671,10,8.0,U,Asia/Shanghai,airport,OurAirports
3369,Taiyuan Wusu Airport,Taiyuan,China,TYN,ZBYN,37.74689865112305,112.62799835205078,2575,8.0,U,Asia/Shanghai,airport,OurAirports
3370,Guangzhou Baiyun International Airport,Guangzhou,China,CAN,ZGGG,23.39240074157715,113.29900360107422,50,8.0,U,Asia/Shanghai,airport,OurAirports
3371,Changsha Huanghua International Airport,Changcha,China,CSX,ZGHA,28.189199447599997,113.220001221,217,8.0,U,Asia/Shanghai,airport,OurAirports
3372,Guilin Liangjiang International Airport,Guilin,China,KWL,ZGKL,25.21809959411621,110.03900146484376,570,8.0,U,Asia/Shanghai,airport,OurAirports
3373,Nanning Wuxu Airport,Nanning,China,NNG,ZGNN,22.608299255371097,108.1719970703125,421,8.0,U,Asia/Shanghai,airport,OurAirports
3374,Shenzhen Bao'an International Airport,Shenzhen,China,SZX,ZGSZ,22.639299392700195,113.81099700927734,13,8.0,U,Asia/Shanghai,airport,OurAirports
3375,Zhengzhou Xinzheng International Airport,Zhengzhou,China,CGO,ZHCC,34.519699096699995,113.841003418,495,8.0,U,Asia/Shanghai,airport,OurAirports
3376,Wuhan Tianhe International Airport,Wuhan,China,WUH,ZHHH,30.7838,114.208,113,8.0,U,Asia/Shanghai,airport,OurAirports
3377,Pyongyang Sunan International Airport,Pyongyang,North Korea,FNJ,ZKPY,39.224098,125.669998,117,8.5,U,Asia/Pyongyang,airport,OurAirports
3378,Lanzhou Zhongchuan Airport,Lanzhou,China,LHW,ZLLL,36.5152015686,103.620002747,6388,8.0,U,Asia/Shanghai,airport,OurAirports
3379,Xi'an Xianyang International Airport,Xi'an,China,XIY,ZLXY,34.447102,108.751999,1572,8.0,U,Asia/Shanghai,airport,OurAirports
3380,Chinggis Khaan International Airport,Ulan Bator,Mongolia,ULN,ZMUB,47.843102,106.766998,4364,8.0,U,Asia/Ulaanbaatar,airport,OurAirports
3381,Xishuangbanna Gasa Airport,Jinghonggasa,China,JHG,ZPJH,21.973899841308594,100.76000213623048,1815,8.0,U,Asia/Shanghai,airport,OurAirports
3382,Kunming Changshui International Airport,Kunming,China,KMG,ZPPP,25.1019444,102.9291667,6903,8.0,N,Asia/Shanghai,airport,OurAirports
3383,Xiamen Gaoqi International Airport,Xiamen,China,XMN,ZSAM,24.54400062561035,118.12799835205078,59,8.0,U,Asia/Shanghai,airport,OurAirports
3384,Nanchang Changbei International Airport,Nanchang,China,KHN,ZSCN,28.864999771118164,115.9000015258789,143,8.0,U,Asia/Shanghai,airport,OurAirports
3385,Fuzhou Changle International Airport,Fuzhou,China,FOC,ZSFZ,25.93510055541992,119.66300201416016,46,8.0,U,Asia/Shanghai,airport,OurAirports
3386,Hangzhou Xiaoshan International Airport,Hangzhou,China,HGH,ZSHC,30.22949981689453,120.43399810791016,23,8.0,U,Asia/Shanghai,airport,OurAirports
3387,Ningbo Lishe International Airport,Ninbo,China,NGB,ZSNB,29.82670021057129,121.46199798583984,13,8.0,U,Asia/Shanghai,airport,OurAirports
3388,Nanjing Lukou Airport,Nanjing,China,NKG,ZSNJ,31.742000579833984,118.86199951171876,49,8.0,U,Asia/Shanghai,airport,OurAirports
3389,Hefei Luogang International Airport,Hefei,China,HFE,ZSOF,31.780000686645508,117.2979965209961,108,8.0,U,Asia/Shanghai,airport,OurAirports
3390,Liuting Airport,Qingdao,China,TAO,ZSQD,36.2661018372,120.374000549,33,8.0,U,Asia/Shanghai,airport,OurAirports
3391,Shanghai Hongqiao International Airport,Shanghai,China,SHA,ZSSS,31.197900772094727,121.33599853515624,10,8.0,U,Asia/Shanghai,airport,OurAirports
3392,Yantai Laishan Airport,Yantai,China,YNT,ZSYT,37.40169906616211,121.37200164794922,59,8.0,U,Asia/Shanghai,airport,OurAirports
3393,Chongqing Jiangbei International Airport,Chongqing,China,CKG,ZUCK,29.719200134277344,106.64199829101562,1365,8.0,U,Asia/Shanghai,airport,OurAirports
3394,Longdongbao Airport,Guiyang,China,KWE,ZUGY,26.53849983215332,106.8010025024414,3736,8.0,U,Asia/Shanghai,airport,OurAirports
3395,Chengdu Shuangliu International Airport,Chengdu,China,CTU,ZUUU,30.578500747680664,103.9469985961914,1625,8.0,U,Asia/Shanghai,airport,OurAirports
3396,Xichang Qingshan Airport,Xichang,China,XIC,ZUXC,27.989099502563477,102.18399810791016,5112,8.0,U,Asia/Shanghai,airport,OurAirports
3397,Kashgar Airport,Kashi,China,KHG,ZWSH,39.5429000854,76.0199966431,4529,8.0,U,Asia/Shanghai,airport,OurAirports
3398,Hotan Airport,Hotan,China,HTN,ZWTN,37.03850173950195,79.86489868164062,4672,8.0,U,Asia/Shanghai,airport,OurAirports
3399,Ürümqi Diwopu International Airport,Urumqi,China,URC,ZWWW,43.907100677490234,87.47419738769531,2125,8.0,U,Asia/Shanghai,airport,OurAirports
3400,Taiping Airport,Harbin,China,HRB,ZYHB,45.6234016418457,126.25,457,8.0,U,Asia/Shanghai,airport,OurAirports
3402,Mudanjiang Hailang International Airport,Mudanjiang,China,MDG,ZYMD,44.5241012573,129.569000244,883,8.0,U,Asia/Shanghai,airport,OurAirports
3404,Zhoushuizi Airport,Dalian,China,DLC,ZYTL,38.9656982421875,121.53900146484376,107,8.0,U,Asia/Shanghai,airport,OurAirports
3406,Shanghai Pudong International Airport,Shanghai,China,PVG,ZSPD,31.143400192260746,121.80500030517578,13,8.0,U,Asia/Shanghai,airport,OurAirports
3408,Sultan Abdul Aziz Shah International Airport,Kuala Lumpur,Malaysia,SZB,WMSA,3.130579948425293,101.54900360107422,90,8.0,N,Asia/Kuala_Lumpur,airport,OurAirports
3409,Noto Airport,Wajima,Japan,NTQ,RJNW,37.2930984497,136.962005615,718,9.0,U,Asia/Tokyo,airport,OurAirports
3415,Hilo International Airport,Hilo,United States,ITO,PHTO,19.721399307250977,-155.04800415039062,38,-10.0,N,Pacific/Honolulu,airport,OurAirports
3445,Hana Airport,Hana,United States,HNM,PHHN,20.79560089111328,-156.01400756835938,78,-10.0,A,Pacific/Honolulu,airport,OurAirports
3456,Kahului Airport,Kahului,United States,OGG,PHOG,20.8986,-156.429993,54,-10.0,N,Pacific/Honolulu,airport,OurAirports
3514,Ellison Onizuka Kona International At Keahole Airport,Kona,United States,KOA,PHKO,19.738783,-156.045603,47,-10.0,N,Pacific/Honolulu,airport,OurAirports
3545,Waimea Kohala Airport,Kamuela,United States,MUE,PHMU,20.001300811767575,-155.66799926757812,2671,-10.0,A,Pacific/Honolulu,airport,OurAirports
3602,Lihue Airport,Lihue,United States,LIH,PHLI,21.97599983215332,-159.33900451660156,153,-10.0,N,Pacific/Honolulu,airport,OurAirports
3705,Molokai Airport,Molokai,United States,MKK,PHMK,21.15290069580078,-157.0959930419922,454,-10.0,N,Pacific/Honolulu,airport,OurAirports
3728,Daniel K Inouye International Airport,Honolulu,United States,HNL,PHNL,21.32062,-157.924228,13,-10.0,N,Pacific/Honolulu,airport,OurAirports
3796,Kapalua Airport,Lahania-kapalua,United States,JHM,PHJH,20.962900161743164,-156.67300415039062,256,-10.0,N,Pacific/Honolulu,airport,OurAirports
3851,Lanai Airport,Lanai,United States,LNY,PHNY,20.785600662231445,-156.9510040283203,1308,-10.0,N,Pacific/Honolulu,airport,OurAirports
3885,Suvarnabhumi Airport,Bangkok,Thailand,BKK,VTBS,13.681099891662598,100.74700164794922,5,7.0,U,Asia/Bangkok,airport,OurAirports
3886,Naha Airport,Naha,Indonesia,NAH,WAMH,3.6832098960876465,125.52799987792967,16,8.0,N,Asia/Makassar,airport,OurAirports
3890,Wolter Monginsidi Airport,Kendari,Indonesia,KDI,WAWW,-4.081610202789307,122.41799926757812,538,8.0,N,Asia/Makassar,airport,OurAirports
3894,Abdul Rachman Saleh Airport,Malang,Indonesia,MLG,WARA,-7.926559925079999,112.714996338,1726,7.0,N,Asia/Jakarta,airport,OurAirports
3896,Husein Sastranegara International Airport,Bandung,Indonesia,BDO,WICC,-6.900629997253418,107.57599639892578,2436,7.0,N,Asia/Jakarta,airport,OurAirports
3898,Adi Sutjipto International Airport,Yogyakarta,Indonesia,JOG,WARJ,-7.788179874420166,110.43199920654295,350,7.0,N,Asia/Jakarta,airport,OurAirports
3901,Achmad Yani Airport,Semarang,Indonesia,SRG,WARS,-6.97273,110.375,10,7.0,N,Asia/Jakarta,airport,OurAirports
3903,Hang Nadim International Airport,Batam,Indonesia,BTH,WIDD,1.12102997303,104.119003296,126,7.0,N,Asia/Jakarta,airport,OurAirports
3904,Buluh Tumbang (H A S Hanandjoeddin) Airport,Tanjung Pandan,Indonesia,TJQ,WIOD,-2.74571990967,107.754997253,164,7.0,N,Asia/Jakarta,airport,OurAirports
3905,Pangkal Pinang (Depati Amir) Airport,Pangkal Pinang,Indonesia,PGK,WIPK,-2.16219997406,106.138999939,109,7.0,N,Asia/Jakarta,airport,OurAirports
3906,Raja Haji Fisabilillah International Airport,Tanjung Pinang,Indonesia,TNJ,WIDN,0.922683000565,104.531997681,52,7.0,N,Asia/Jakarta,airport,OurAirports
3908,Syamsudin Noor Airport,Banjarmasin,Indonesia,BDJ,WAOO,-3.4423599243164062,114.76300048828124,66,8.0,N,Asia/Makassar,airport,OurAirports
3910,Iskandar Airport,Pangkalan Bun,Indonesia,PKN,WAOI,-2.70519995689,111.672996521,75,7.0,N,Asia/Jakarta,airport,OurAirports
3911,Tjilik Riwut Airport,Palangkaraya,Indonesia,PKY,WAOP,-2.22513008118,113.943000793,82,7.0,N,Asia/Jakarta,airport,OurAirports
3913,Maumere(Wai Oti) Airport,Maumere,Indonesia,MOF,WATC,-8.64064979553,122.236999512,115,8.0,N,Asia/Makassar,airport,OurAirports
3914,Ende (H Hasan Aroeboesman) Airport,Ende,Indonesia,ENE,WATE,-8.8492898941,121.661003113,49,8.0,N,Asia/Makassar,airport,OurAirports
3916,El Tari Airport,Kupang,Indonesia,KOE,WATT,-10.171600341796877,123.6709976196289,335,8.0,N,Asia/Makassar,airport,OurAirports
3917,Komodo Airport,Labuhan Bajo,Indonesia,LBJ,WATO,-8.48666,119.889,66,8.0,N,Asia/Makassar,airport,OurAirports
3919,Sultan Aji Muhamad Sulaiman Airport,Balikpapan,Indonesia,BPN,WALL,-1.26827001572,116.893997192,12,8.0,N,Asia/Makassar,airport,OurAirports
3920,Juwata Airport,Taraken,Indonesia,TRK,WALR,3.326667,117.569444,23,8.0,N,Asia/Makassar,airport,OurAirports
3924,Muhammad Salahuddin Airport,Bima,Indonesia,BMU,WADB,-8.5396499633789,118.68699645996,3,8.0,N,Asia/Makassar,airport,OurAirports
3927,Umbu Mehang Kunda Airport,Waingapu,Indonesia,WGP,WADW,-9.66922,120.302002,33,8.0,N,Asia/Makassar,airport,OurAirports
3928,Juanda International Airport,Surabaya,Indonesia,SUB,WARR,-7.37982988357544,112.78700256347656,9,7.0,N,Asia/Jakarta,airport,OurAirports
3929,Adi Sumarmo Wiryokusumo Airport,Solo City,Indonesia,SOC,WARQ,-7.516089916229248,110.75700378417967,421,7.0,N,Asia/Jakarta,airport,OurAirports
3930,Incheon International Airport,Seoul,South Korea,ICN,RKSI,37.46910095214844,126.45099639892578,23,9.0,U,Asia/Seoul,airport,OurAirports
3931,Chiang Mai International Airport,Chiang Mai,Thailand,CNX,VTCC,18.766799926799997,98.962600708,1036,7.0,U,Asia/Bangkok,airport,OurAirports
3932,Chiang Rai International Airport,Chiang Rai,Thailand,CEI,VTCT,19.952299118,99.8828964233,1280,7.0,U,Asia/Bangkok,airport,OurAirports
3933,Nakhon Si Thammarat Airport,Nakhon Si Thammarat,Thailand,NST,VTSF,8.539620399475098,99.9447021484375,13,7.0,U,Asia/Bangkok,airport,OurAirports
3936,Nakhon Phanom Airport,Nakhon Phanom,Thailand,KOP,VTUW,17.383800506591797,104.64299774169922,587,7.0,U,Asia/Bangkok,airport,OurAirports
3937,Ubon Ratchathani Airport,Ubon Ratchathani,Thailand,UBP,VTUU,15.2512998581,104.870002747,406,7.0,U,Asia/Bangkok,airport,OurAirports
3938,Khon Kaen Airport,Khon Kaen,Thailand,KKC,VTUK,16.466600418099997,102.783996582,670,7.0,U,Asia/Bangkok,airport,OurAirports
3939,Sukhothai Airport,Sukhothai,Thailand,THS,VTPO,17.238000869750977,99.81819915771484,179,7.0,U,Asia/Bangkok,airport,OurAirports
3940,Ngurah Rai (Bali) International Airport,Denpasar,Indonesia,DPS,WADD,-8.7481698989868,115.16699981689,14,8.0,N,Asia/Makassar,airport,OurAirports
3942,Chubu Centrair International Airport,Nagoya,Japan,NGO,RJGG,34.8583984375,136.80499267578125,15,9.0,U,Asia/Tokyo,airport,OurAirports
3943,Kobe Airport,Kobe,Japan,UKB,RJBE,34.6328010559082,135.2239990234375,22,9.0,U,Asia/Tokyo,airport,OurAirports
3964,Zvartnots International Airport,Yerevan,Armenia,EVN,UDYZ,40.1473007202,44.3959007263,2838,4.0,E,Asia/Yerevan,airport,OurAirports
3965,Gyumri Shirak Airport,Gyumri,Armenia,LWN,UDSG,40.7504005432,43.859298706100006,5000,4.0,E,Asia/Yerevan,airport,OurAirports
3971,Batumi International Airport,Batumi,Georgia,BUS,UGSB,41.6102981567,41.5997009277,105,4.0,N,Asia/Tbilisi,airport,OurAirports
3972,Kopitnari Airport,Kutaisi,Georgia,KUT,UGKO,42.176700592,42.4826011658,223,4.0,N,Asia/Tbilisi,airport,OurAirports
3973,Tbilisi International Airport,Tbilisi,Georgia,TBS,UGTB,41.6692008972,44.95470047,1624,4.0,N,Asia/Tbilisi,airport,OurAirports
3974,Mukalla International Airport,Mukalla,Yemen,RIY,OYRN,14.662599563598633,49.375,54,3.0,U,Asia/Aden,airport,OurAirports
3975,Ta'izz International Airport,Taiz,Yemen,TAI,OYTZ,13.6859998703,44.1390991211,4838,3.0,U,Asia/Aden,airport,OurAirports
3976,Hodeidah International Airport,Hodeidah,Yemen,HOD,OYHD,14.753000259399414,42.97629928588867,41,3.0,U,Asia/Aden,airport,OurAirports
3977,Aden International Airport,Aden,Yemen,ADE,OYAA,12.829500198364258,45.02880096435547,7,3.0,U,Asia/Aden,airport,OurAirports
3978,Ataq Airport,Ataq,Yemen,AXK,OYAT,14.551300048828123,46.82619857788086,3735,3.0,U,Asia/Aden,airport,OurAirports
3979,Al Ghaidah International Airport,Al Ghaidah Intl,Yemen,AAY,OYGD,16.191699981689453,52.17499923706055,134,3.0,U,Asia/Aden,airport,OurAirports
3980,Sana'a International Airport,Sanaa,Yemen,SAH,OYSN,15.476300239562988,44.21969985961914,7216,3.0,U,Asia/Aden,airport,OurAirports
3984,Socotra International Airport,Socotra,Yemen,SCT,OYSQ,12.63070011138916,53.905799865722656,146,3.0,U,Asia/Aden,airport,OurAirports
3989,Erbil International Airport,Erbil,Iraq,EBL,ORER,36.23759841918945,43.96319961547851,1341,3.0,U,Asia/Baghdad,airport,OurAirports
3990,Emerald Airport,Emerald,Australia,EMD,YEML,-23.5674991608,148.179000854,624,10.0,O,Australia/Brisbane,airport,OurAirports
3992,Kansai International Airport,Osaka,Japan,KIX,RJBB,34.42729949951172,135.24400329589844,26,9.0,U,Asia/Tokyo,airport,OurAirports
3994,Tagbilaran Airport,Tagbilaran,Philippines,TAG,RPVT,9.665442,123.853533,38,8.0,N,Asia/Manila,airport,OurAirports
3999,Darwin International Airport,Darwin,Australia,DRW,YPDN,-12.41469955444336,130.8769989013672,103,9.5,N,Australia/Darwin,airport,OurAirports
4000,Surat Thani Airport,Surat Thani,Thailand,URT,VTSB,9.13259983063,99.135597229,20,7.0,U,Asia/Bangkok,airport,OurAirports
4010,Ayers Rock Connellan Airport,Uluru,Australia,AYQ,YAYE,-25.1861,130.975998,1626,9.5,N,Australia/Darwin,airport,OurAirports
4013,LTS Pulau Redang Airport,Redang,Malaysia,RDN,WMPR,5.765279769897461,103.00700378417967,36,8.0,N,Asia/Kuala_Lumpur,airport,OurAirports
4030,Sanya Phoenix International Airport,Sanya,China,SYX,ZJSY,18.302900314331055,109.41200256347656,92,8.0,U,Asia/Shanghai,airport,OurAirports
4033,Lijiang Airport,Lijiang,China,LJG,ZPLJ,26.6800003052,100.246002197,0,8.0,U,Asia/Shanghai,airport,OurAirports
4051,Kingscote Airport,Kingscote,Australia,KGC,YKSC,-35.71390151977539,137.52099609375,24,9.5,O,Australia/Adelaide,airport,OurAirports
4052,Hervey Bay Airport,Hervey Bay,Australia,HVB,YHBA,-25.3188991547,152.880004883,60,10.0,O,Australia/Brisbane,airport,OurAirports
4054,Dali Airport,Dali,China,DLU,ZPDL,25.649401,100.319,7050,8.0,U,Asia/Shanghai,airport,OurAirports
4056,Mulu Airport,Mulu,Malaysia,MZV,WBMU,4.048329830169678,114.80500030517578,80,8.0,N,Asia/Kuala_Lumpur,airport,OurAirports
4062,Armidale Airport,Armidale,Australia,ARM,YARM,-30.528099060099997,151.617004395,3556,10.0,O,Australia/Sydney,airport,OurAirports
4074,Honiara International Airport,Honiara,Solomon Islands,HIR,AGGH,-9.4280004501343,160.05499267578,28,11.0,U,Pacific/Guadalcanal,airport,OurAirports
4075,Faa'a International Airport,Papeete,French Polynesia,PPT,NTAA,-17.553699,-149.606995,5,-10.0,U,Pacific/Tahiti,airport,OurAirports
4076,Nauru International Airport,Nauru,Nauru,INU,ANYN,-0.547458,166.919006,22,12.0,U,Pacific/Nauru,airport,OurAirports
4077,Funafuti International Airport,Funafuti,Tuvalu,FUN,NGFU,-8.525,179.195999,9,12.0,U,Pacific/Funafuti,airport,OurAirports
4078,Tolmachevo Airport,Novosibirsk,Russia,OVB,UNNT,55.012599945068,82.650703430176,365,7.0,N,Asia/Krasnoyarsk,airport,OurAirports
4081,Xieng Khouang Airport,Phon Savan,Laos,XKH,VLXK,19.450001,103.157997,3445,7.0,U,Asia/Vientiane,airport,OurAirports
4086,Mae Hong Son Airport,Mae Hong Son,Thailand,HGN,VTCH,19.301300048828125,97.97579956054688,929,7.0,U,Asia/Bangkok,airport,OurAirports
4090,Francisco Bangoy International Airport,Davao,Philippines,DVO,RPMD,7.1255202293396,125.64600372314452,96,8.0,N,Asia/Manila,airport,OurAirports
4093,Sihanoukville International Airport,Sihanoukville,Cambodia,KOS,VDSV,10.57970047,103.637001038,33,7.0,N,Asia/Phnom_Penh,airport,OurAirports
4095,Hawke's Bay Airport,NAPIER,New Zealand,NPE,NZNR,-39.465801,176.869995,6,12.0,Z,Pacific/Auckland,airport,OurAirports
4097,Lhasa Gonggar Airport,Lhasa,China,LXA,ZULS,29.2978000641,90.9119033813,11713,8.0,U,Asia/Shanghai,airport,OurAirports
4108,Yaoqiang Airport,Jinan,China,TNA,ZSJN,36.857200622558594,117.21600341796876,76,8.0,U,Asia/Shanghai,airport,OurAirports
4109,Changzhou Benniu Airport,Changzhou,China,CZX,ZSCG,31.919701,119.778999,0,8.0,U,Asia/Shanghai,airport,OurAirports
4110,Yibin Caiba Airport,Yibin,China,YBP,ZUYB,28.8005555556,104.545,924,8.0,U,Asia/Shanghai,airport,OurAirports
4111,Roshchino International Airport,Tyumen,Russia,TJM,USTR,57.1896018982,65.3243026733,378,5.0,N,Asia/Yekaterinburg,airport,OurAirports
4120,Haikou Meilan International Airport,Haikou,China,HAK,ZJHK,19.934900283813477,110.45899963378906,75,8.0,U,Asia/Shanghai,airport,OurAirports
4130,Baghdad International Airport,Baghdad,Iraq,BGW,ORBI,33.262500762900004,44.2346000671,114,3.0,U,Asia/Baghdad,airport,OurAirports
4131,Nan Airport,Nan,Thailand,NNT,VTCN,18.807899475097656,100.78299713134766,685,7.0,U,Asia/Bangkok,airport,OurAirports
4132,Roi Et Airport,Roi Et,Thailand,ROI,VTUV,16.11680030822754,103.77400207519533,451,7.0,U,Asia/Bangkok,airport,OurAirports
4133,Buri Ram Airport,Buri Ram,Thailand,BFV,VTUO,15.229499816894531,103.25299835205078,590,7.0,U,Asia/Bangkok,airport,OurAirports
4135,Trat Airport,Trat,Thailand,TDX,VTBO,12.274600029,102.319000244,105,7.0,U,Asia/Bangkok,airport,OurAirports
4140,Diosdado Macapagal International Airport,Angeles City,Philippines,CRK,RPLC,15.186,120.559998,484,8.0,N,Asia/Manila,airport,OurAirports
4141,Sandakan Airport,Sandakan,Malaysia,SDK,WBKS,5.900899887084961,118.05899810791016,46,8.0,N,Asia/Kuala_Lumpur,airport,OurAirports
4142,Luang Namtha Airport,Luang Namtha,Laos,LXG,VLLN,20.966999,101.400002,1968,7.0,U,Asia/Vientiane,airport,OurAirports
4143,Oudomsay Airport,Muang Xay,Laos,ODY,VLOS,20.68269920349121,101.99400329589844,1804,7.0,N,Asia/Vientiane,airport,OurAirports
4144,Taoxian Airport,Shenyang,China,SHE,ZYTX,41.639801025390625,123.48300170898438,198,8.0,U,Asia/Shanghai,airport,OurAirports
4145,Dongying Shengli Airport,Dongying,China,DOY,ZSDY,37.5085983276,118.788002014,15,8.0,U,Asia/Shanghai,airport,OurAirports
4148,Luoyang Airport,Luoyang,China,LYA,ZHLY,34.741100311299995,112.388000488,840,8.0,U,Asia/Shanghai,airport,OurAirports
4149,Xuzhou Guanyin Airport,Xuzhou,China,XUZ,ZSXZ,34.059056,117.555278,0,8.0,U,Asia/Shanghai,airport,OurAirports
4153,Lien Khuong Airport,Dalat,Vietnam,DLI,VVDL,11.75,108.366997,3156,7.0,U,Asia/Saigon,airport,OurAirports
4154,Dong Hoi Airport,Dong Hoi,Vietnam,VDH,VVDH,17.515,106.590556,59,7.0,U,Asia/Saigon,airport,OurAirports
4155,Rach Gia Airport,Rach Gia,Vietnam,VKG,VVRG,9.95802997234,105.132379532,7,7.0,U,Asia/Saigon,airport,OurAirports
4156,Cà Mau Airport,Ca Mau,Vietnam,CAH,VVCM,9.177667,105.177778,6,7.0,U,Asia/Saigon,airport,OurAirports
4157,Chu Lai International Airport,Chu Lai,Vietnam,VCL,VVCA,15.4033002853,108.706001282,10,7.0,U,Asia/Saigon,airport,OurAirports
4158,Dong Tac Airport,Tuy Hoa,Vietnam,TBB,VVTH,13.0495996475,109.333999634,20,7.0,U,Asia/Saigon,airport,OurAirports
4159,Mae Hong Son Airport,Pai,Thailand,PYY,VTCI,19.3719997406,98.43699646,1271,7.0,U,Asia/Bangkok,airport,OurAirports
4183,Tumling Tar Airport,Tumling Tar,Nepal,TMI,VNTR,27.315001,87.193298,1700,5.75,N,Asia/Katmandu,airport,OurAirports
4188,Dhangarhi Airport,Dhangarhi,Nepal,DHI,VNDH,28.75329971313477,80.58190155029297,690,5.75,N,Asia/Katmandu,airport,OurAirports
4189,Muan International Airport,Muan,South Korea,MWX,RKJB,34.991406,126.382814,35,9.0,U,Asia/Seoul,airport,OurAirports
4199,Francisco B. Reyes Airport,Busuanga,Philippines,USU,RPVV,12.1215000153,120.099998474,148,8.0,N,Asia/Manila,airport,OurAirports
4200,Bancasi Airport,Butuan,Philippines,BXU,RPME,8.9515,125.4788,141,8.0,N,Asia/Manila,airport,OurAirports
4201,Dipolog Airport,Dipolog,Philippines,DPL,RPMG,8.60198349877,123.341875076,12,8.0,N,Asia/Manila,airport,OurAirports
4202,Laoag International Airport,Laoag,Philippines,LAO,RPLI,18.1781005859375,120.53199768066406,25,8.0,N,Asia/Manila,airport,OurAirports
4203,Legazpi City International Airport,Legazpi,Philippines,LGP,RPLP,13.1575,123.735,66,8.0,N,Asia/Manila,airport,OurAirports
4204,Labo Airport,Ozamis,Philippines,OZC,RPMO,8.178509712219238,123.84200286865234,75,8.0,N,Asia/Manila,airport,OurAirports
4206,Mactan Cebu International Airport,Cebu,Philippines,CEB,RPVM,10.307499885559,123.97899627686,31,8.0,N,Asia/Manila,airport,OurAirports
4217,Blackall Airport,Blackall,Australia,BKQ,YBCK,-24.427799224900003,145.429000854,928,10.0,O,Australia/Brisbane,airport,OurAirports
4218,Bundaberg Airport,Bundaberg,Australia,BDB,YBUD,-24.903900146499996,152.319000244,107,10.0,O,Australia/Brisbane,airport,OurAirports
4242,Tanna Airport,Tanna,Vanuatu,TAH,NVVW,-19.45509910583496,169.2239990234375,19,11.0,U,Pacific/Efate,airport,OurAirports
4291,Ballina Byron Gateway Airport,Ballina Byron Bay,Australia,BNK,YBNA,-28.8339004517,153.56199646,7,10.0,O,Australia/Sydney,airport,OurAirports
4297,Bogashevo Airport,Tomsk,Russia,TOF,UNTT,56.380298614502,85.208297729492,597,7.0,N,Asia/Krasnoyarsk,airport,OurAirports
4300,Chumphon Airport,Chumphon,Thailand,CJM,VTSE,10.711199760437012,99.36170196533205,18,7.0,U,Asia/Bangkok,airport,OurAirports
4301,Jiuzhai Huanglong Airport,Jiuzhaigou,China,JZH,ZUJZ,32.8533333333,103.682222222,11327,8.0,U,Asia/Shanghai,airport,OurAirports
4302,Jieyang Chaoshan International Airport,Shantou,China,SWA,ZGOW,23.552,116.5033,0,8.0,U,Asia/Shanghai,airport,OurAirports
4308,Dunhuang Airport,Dunhuang,China,DNH,ZLDH,40.16109848022461,94.80919647216795,0,8.0,U,Asia/Shanghai,airport,OurAirports
4319,Broome International Airport,Broome,Australia,BME,YBRM,-17.944700241088867,122.23200225830078,56,8.0,O,Australia/Perth,airport,OurAirports
4320,Newcastle Airport,Newcastle,Australia,NTL,YWLM,-32.79499816894531,151.83399963378906,31,10.0,O,Australia/Sydney,airport,OurAirports
4330,Imam Khomeini International Airport,Tehran,Iran,IKA,OIIE,35.416099548339844,51.152198791503906,3305,3.5,E,Asia/Tehran,airport,OurAirports
4331,Mashhad International Airport,Mashhad,Iran,MHD,OIMM,36.235198974609375,59.64099884033203,3263,3.5,E,Asia/Tehran,airport,OurAirports
4352,Norilsk-Alykel Airport,Norilsk,Russia,NSK,UOOO,69.31109619140625,87.33219909667969,574,7.0,N,Asia/Krasnoyarsk,airport,OurAirports
4357,Atyrau Airport,Atyrau,Kazakhstan,GUW,UATG,47.12189865112305,51.8213996887207,-72,5.0,U,Asia/Oral,airport,OurAirports
4358,Kzyl-Orda Southwest Airport,Kzyl-Orda,Kazakhstan,KZO,UAOO,44.706902,65.592499,433,6.0,U,Asia/Qyzylorda,airport,OurAirports
4364,Novy Urengoy Airport,Novy Urengoy,Russia,NUX,USMU,66.06939697265625,76.52030181884766,210,5.0,N,Asia/Yekaterinburg,airport,OurAirports
4365,Noyabrsk Airport,Noyabrsk,Russia,NOJ,USRO,63.18330001831055,75.2699966430664,446,5.0,N,Asia/Yekaterinburg,airport,OurAirports
4367,Aktau Airport,Aktau,Kazakhstan,SCO,UATE,43.8601,51.091999,73,5.0,U,Asia/Oral,airport,OurAirports
4373,Kogalym International Airport,Kogalym,Russia,KGP,USRK,62.190399169921875,74.53379821777344,220,5.0,N,Asia/Yekaterinburg,airport,OurAirports
4374,Yemelyanovo Airport,Krasnoyarsk,Russia,KJA,UNKL,56.172901,92.493301,942,7.0,N,Asia/Krasnoyarsk,airport,OurAirports
4375,Sary-Arka Airport,Karaganda,Kazakhstan,KGF,UAKK,49.670799255371094,73.33439636230469,1765,6.0,U,Asia/Qyzylorda,airport,OurAirports
4377,Uray Airport,Uraj,Russia,URJ,USHU,60.10329818725586,64.82669830322266,190,5.0,N,Asia/Yekaterinburg,airport,OurAirports
4380,Longjia Airport,Changchun,China,CGQ,ZYCC,43.9962005615,125.684997559,706,8.0,U,Asia/Shanghai,airport,OurAirports
4381,Niigata Airport,Niigata,Japan,KIJ,RJSN,37.9558982849,139.121002197,29,9.0,U,Asia/Tokyo,airport,OurAirports
5404,Uru Harbour Airport,Atoifi,Solomon Islands,ATD,AGAT,-8.87333,161.011002,0,11.0,U,Pacific/Guadalcanal,airport,OurAirports
5407,Fera/Maringe Airport,Fera Island,Solomon Islands,FRE,AGGF,-8.1075,159.576996,0,11.0,U,Pacific/Guadalcanal,airport,OurAirports
5409,Ngorangora Airport,Kirakira,Solomon Islands,IRA,AGGK,-10.4497003555,161.897994995,54,11.0,U,Pacific/Guadalcanal,airport,OurAirports
5410,Santa Cruz/Graciosa Bay/Luova Airport,Santa Cruz/Graciosa Bay/Luova,Solomon Islands,SCZ,AGGL,-10.72029972076416,165.7949981689453,18,11.0,U,Pacific/Guadalcanal,airport,OurAirports
5411,Munda Airport,Munda,Solomon Islands,MUA,AGGM,-8.327969551086426,157.26300048828125,10,11.0,U,Pacific/Guadalcanal,airport,OurAirports
5412,Nusatupe Airport,Gizo,Solomon Islands,GZO,AGGN,-8.09778022766,156.863998413,13,11.0,U,Pacific/Guadalcanal,airport,OurAirports
5414,Rennell/Tingoa Airport,Rennell Island,Solomon Islands,RNL,AGGR,-11.533900260925291,160.06300354003906,0,11.0,U,Pacific/Guadalcanal,airport,OurAirports
5415,Marau Airport,Marau,Solomon Islands,RUS,AGGU,-9.86166954041,160.824996948,0,11.0,U,Pacific/Guadalcanal,airport,OurAirports
5416,Suavanao Airport,Suavanao,Solomon Islands,VAO,AGGV,-7.585559844970703,158.7310028076172,0,11.0,U,Pacific/Guadalcanal,airport,OurAirports
5417,Kaghau Airport,Kagau Island,Solomon Islands,KGE,AGKG,-7.3305,157.585,30,11.0,U,Pacific/Guadalcanal,airport,OurAirports
5418,Ramata Airport,Ramata,Solomon Islands,RBV,AGRM,-8.168060302734375,157.64300537109375,0,11.0,U,Pacific/Guadalcanal,airport,OurAirports
5419,Buka Airport,Buka Island,Papua New Guinea,BUA,AYBK,-5.4223198890686035,154.67300415039062,11,10.0,U,Pacific/Port_Moresby,airport,OurAirports
5420,Chimbu Airport,Kundiawa,Papua New Guinea,CMU,AYCH,-6.024290084838867,144.9709930419922,4974,10.0,U,Pacific/Port_Moresby,airport,OurAirports
5421,Daru Airport,Daru,Papua New Guinea,DAU,AYDU,-9.08675956726,143.207992554,20,10.0,U,Pacific/Port_Moresby,airport,OurAirports
5422,Gurney Airport,Gurney,Papua New Guinea,GUR,AYGN,-10.3114995956,150.333999634,88,10.0,U,Pacific/Port_Moresby,airport,OurAirports
5423,Girua Airport,Girua,Papua New Guinea,PNP,AYGR,-8.80453968048,148.309005737,311,10.0,U,Pacific/Port_Moresby,airport,OurAirports
5424,Kimbe Airport,Hoskins,Papua New Guinea,HKN,AYHK,-5.462170124053955,150.40499877929688,66,10.0,U,Pacific/Port_Moresby,airport,OurAirports
5425,Kiunga Airport,Kiunga,Papua New Guinea,UNG,AYKI,-6.1257100105285645,141.28199768066406,88,10.0,U,Pacific/Port_Moresby,airport,OurAirports
5428,Kavieng Airport,Kavieng,Papua New Guinea,KVG,AYKV,-2.57940006256,150.807998657,7,10.0,U,Pacific/Port_Moresby,airport,OurAirports
5429,Mendi Airport,Mendi,Papua New Guinea,MDU,AYMN,-6.14774,143.656998,5680,10.0,U,Pacific/Port_Moresby,airport,OurAirports
5430,Momote Airport,Momote,Papua New Guinea,MAS,AYMO,-2.06189,147.423996,12,10.0,U,Pacific/Port_Moresby,airport,OurAirports
5431,Moro Airport,Moro,Papua New Guinea,MXH,AYMR,-6.36332988739,143.238006592,2740,10.0,U,Pacific/Port_Moresby,airport,OurAirports
5432,Misima Island Airport,Misima Island,Papua New Guinea,MIS,AYMS,-10.6892004013,152.837997437,26,10.0,U,Pacific/Port_Moresby,airport,OurAirports
5433,Tari Airport,Tari,Papua New Guinea,TIZ,AYTA,-5.84499979019,142.947998047,5500,10.0,U,Pacific/Port_Moresby,airport,OurAirports
5434,Tabubil Airport,Tabubil,Papua New Guinea,TBG,AYTB,-5.27861,141.225998,1570,10.0,U,Pacific/Port_Moresby,airport,OurAirports
5435,Tokua Airport,Tokua,Papua New Guinea,RAB,AYTK,-4.34045982361,152.380004883,32,10.0,U,Pacific/Port_Moresby,airport,OurAirports
5436,Vanimo Airport,Vanimo,Papua New Guinea,VAI,AYVN,-2.6926,141.3028,10,10.0,U,Pacific/Port_Moresby,airport,OurAirports
5437,Wapenamanda Airport,Wapenamanda,Papua New Guinea,WBM,AYWD,-5.6433000564575195,143.89500427246094,5889,10.0,U,Pacific/Port_Moresby,airport,OurAirports
5711,Diu Airport,Diu,India,DIU,VA1P,20.71310043334961,70.92109680175781,31,5.5,N,Asia/Calcutta,airport,OurAirports
5780,Ercan International Airport,Nicosia,Cyprus,ECN,LCEN,35.154701232910156,33.49610137939453,404,2.0,E,Asia/Nicosia,airport,OurAirports
5861,Enua Airport,Atiu Island,Cook Islands,AIU,NCAT,-19.96780014038086,-158.11900329589844,36,-10.0,U,Pacific/Rarotonga,airport,OurAirports
5862,Mangaia Island Airport,Mangaia Island,Cook Islands,MGS,NCMG,-21.895986557006836,-157.9066619873047,45,-10.0,U,Pacific/Rarotonga,airport,OurAirports
5864,Mauke Airport,Mauke Island,Cook Islands,MUK,NCMK,-20.13610076904297,-157.34500122070312,26,-10.0,U,Pacific/Rarotonga,airport,OurAirports
5865,Mitiaro Island Airport,Mitiaro Island,Cook Islands,MOI,NCMR,-19.842500686645508,-157.7030029296875,25,-10.0,U,Pacific/Rarotonga,airport,OurAirports
5867,Cicia Airport,Cicia,Fiji,ICI,NFCI,-17.7432994843,-179.341995239,13,12.0,U,Pacific/Fiji,airport,OurAirports
5869,Vunisea Airport,Vunisea,Fiji,KDV,NFKD,-19.0580997467,178.156997681,6,12.0,U,Pacific/Fiji,airport,OurAirports
5873,Lakeba Island Airport,Lakeba Island,Fiji,LKB,NFNK,-18.1991996765,-178.817001343,280,12.0,U,Pacific/Fiji,airport,OurAirports
5874,Labasa Airport,Lambasa,Fiji,LBS,NFNL,-16.466699600219727,179.33999633789062,44,12.0,U,Pacific/Fiji,airport,OurAirports
5875,Matei Airport,Matei,Fiji,TVU,NFNM,-16.6905994415,-179.876998901,60,12.0,U,Pacific/Fiji,airport,OurAirports
5877,Rotuma Airport,Rotuma,Fiji,RTA,NFNR,-12.482500076293944,177.0709991455078,22,12.0,U,Pacific/Fiji,airport,OurAirports
5878,Savusavu Airport,Savusavu,Fiji,SVU,NFNS,-16.8027992249,179.341003418,17,12.0,U,Pacific/Fiji,airport,OurAirports
5883,Vanua Balavu Airport,Vanua Balavu,Fiji,VBV,NFVB,-17.268999099731445,-178.9759979248047,76,12.0,U,Pacific/Fiji,airport,OurAirports
5884,Niue International Airport,Alofi,Niue,IUE,NIUE,-19.079030990600582,-169.92559814453125,209,-11.0,U,Pacific/Niue,airport,OurAirports
5885,Pointe Vele Airport,Futuna Island,Wallis and Futuna,FUT,NLWF,-14.3114004135,-178.065994263,20,12.0,U,Pacific/Wallis,airport,OurAirports
5889,Ahe Airport,Ahe,French Polynesia,AHE,NTHE,-14.428099632263184,-146.2570037841797,11,-10.0,U,Pacific/Tahiti,airport,OurAirports
5890,Hiva Oa-Atuona Airport,Hiva-oa,French Polynesia,AUQ,NTMN,-9.76879024506,-139.011001587,1481,-9.5,U,Pacific/Marquesas,airport,OurAirports
5891,Ua Pou Airport,Ua Pou,French Polynesia,UAP,NTMP,-9.35167,-140.078003,16,-9.5,U,Pacific/Marquesas,airport,OurAirports
5892,Ua Huka Airport,Ua Huka,French Polynesia,UAH,NTMU,-8.93611,-139.552002,160,-9.5,U,Pacific/Marquesas,airport,OurAirports
5893,Mota Lava Airport,Ablow,Vanuatu,MTV,NVSA,-13.6660003662,167.712005615,63,11.0,U,Pacific/Efate,airport,OurAirports
5894,Sola Airport,Sola,Vanuatu,SLH,NVSC,-13.8516998291,167.537002563,7,11.0,U,Pacific/Efate,airport,OurAirports
5895,Torres Airstrip,Loh/Linua,Vanuatu,TOH,NVSD,-13.3280000687,166.638000488,75,11.0,U,Pacific/Efate,airport,OurAirports
5896,Siwo Airport,Sangafa,Vanuatu,EAE,NVSE,-17.0902996063,168.343002319,7,11.0,U,Pacific/Efate,airport,OurAirports
5897,Craig Cove Airport,Craig Cove,Vanuatu,CCV,NVSF,-16.264999,167.923996,69,11.0,U,Pacific/Efate,airport,OurAirports
5898,Longana Airport,Longana,Vanuatu,LOD,NVSG,-15.3066997528,167.966995239,167,11.0,U,Pacific/Efate,airport,OurAirports
5899,Sara Airport,Pentecost Island,Vanuatu,SSR,NVSH,-15.4708003998,168.151992798,493,11.0,U,Pacific/Efate,airport,OurAirports
5900,Tavie Airport,Paama Island,Vanuatu,PBJ,NVSI,-16.438999176,168.257003784,160,11.0,U,Pacific/Efate,airport,OurAirports
5901,Lamap Airport,Lamap,Vanuatu,LPM,NVSL,-16.4611228,167.829253,7,11.0,U,Pacific/Efate,airport,OurAirports
5902,Lamen Bay Airport,Lamen Bay,Vanuatu,LNB,NVSM,-16.584199905400002,168.158996582,7,11.0,U,Pacific/Efate,airport,OurAirports
5903,Maewo-Naone Airport,Maewo Island,Vanuatu,MWF,NVSN,-15.0,168.082992554,509,11.0,U,Pacific/Efate,airport,OurAirports
5904,Lonorore Airport,Lonorore,Vanuatu,LNE,NVSO,-15.8655996323,168.17199707,43,11.0,U,Pacific/Efate,airport,OurAirports
5905,Norsup Airport,Norsup,Vanuatu,NUS,NVSP,-16.0797,167.401001,23,11.0,U,Pacific/Efate,airport,OurAirports
5906,Gaua Island Airport,Gaua Island,Vanuatu,ZGU,NVSQ,-14.218099594099998,167.587005615,100,11.0,U,Pacific/Efate,airport,OurAirports
5908,Santo Pekoa International Airport,Santo,Vanuatu,SON,NVSS,-15.505000114399998,167.220001221,184,11.0,U,Pacific/Efate,airport,OurAirports
5909,Tongoa Airport,Tongoa Island,Vanuatu,TGH,NVST,-16.8910999298,168.550994873,443,11.0,U,Pacific/Efate,airport,OurAirports
5910,Uléi Airport,Ambryn Island,Vanuatu,ULB,NVSU,-16.3297,168.3011,170,11.0,U,Pacific/Efate,airport,OurAirports
5911,Valesdir Airport,Valesdir,Vanuatu,VLS,NVSV,-16.796100616500002,168.177001953,10,11.0,U,Pacific/Efate,airport,OurAirports
5912,Southwest Bay Airport,Malekula Island,Vanuatu,SWJ,NVSX,-16.4864,167.4472,68,11.0,U,Pacific/Efate,airport,OurAirports
5914,Aneityum Airport,Anelghowhat,Vanuatu,AUY,NVVA,-20.2492008209,169.770996094,7,11.0,U,Pacific/Efate,airport,OurAirports
5915,Aniwa Airport,Aniwa,Vanuatu,AWD,NVVB,-19.2346,169.6009,69,11.0,U,Pacific/Efate,airport,OurAirports
5916,Dillon's Bay Airport,Dillon's Bay,Vanuatu,DLY,NVVD,-18.7693996429,169.00100708,630,11.0,U,Pacific/Efate,airport,OurAirports
5917,Futuna Airport,Futuna Island,Vanuatu,FTA,NVVF,-19.5163993835,170.231994629,95,11.0,U,Pacific/Efate,airport,OurAirports
5918,Ipota Airport,Ipota,Vanuatu,IPA,NVVI,-18.856389,169.283333,23,11.0,U,Pacific/Efate,airport,OurAirports
5919,Tiga Airport,Tiga,New Caledonia,TGJ,NWWA,-21.096099853515625,167.8040008544922,128,11.0,U,Pacific/Noumea,airport,OurAirports
5920,Île Art - Waala Airport,Waala,New Caledonia,BMY,NWWC,-19.720600128173828,163.66099548339844,306,11.0,U,Pacific/Noumea,airport,OurAirports
5921,Île des Pins Airport,Île des Pins,New Caledonia,ILP,NWWE,-22.58889961242676,167.45599365234375,315,11.0,U,Pacific/Noumea,airport,OurAirports
5925,Al-Jawf Domestic Airport,Al-Jawf,Saudi Arabia,AJF,OESK,29.78510093688965,40.099998474121094,2261,3.0,U,Asia/Riyadh,airport,OurAirports
5926,Wadi Al Dawasir Airport,Wadi-al-dawasir,Saudi Arabia,WAE,OEWD,20.504299163800003,45.199600219699995,2062,3.0,U,Asia/Riyadh,airport,OurAirports
5927,Khoram Abad Airport,Khorram Abad,Iran,KHD,OICK,33.43539810180664,48.282901763916016,3782,3.5,E,Asia/Tehran,airport,OurAirports
5928,Bam Airport,Bam,Iran,BXR,OIKM,29.084199905395508,58.45000076293945,3231,3.5,E,Asia/Tehran,airport,OurAirports
5930,Bojnord Airport,Bojnourd,Iran,BJB,OIMN,37.49300003051758,57.30820083618164,3499,3.5,E,Asia/Tehran,airport,OurAirports
5931,Sabzevar National Airport,Sabzevar,Iran,AFZ,OIMS,36.16809844970703,57.59519958496094,3010,3.5,E,Asia/Tehran,airport,OurAirports
5932,Noshahr Airport,Noshahr,Iran,NSH,OINN,36.663299560546875,51.464698791503906,-61,3.5,E,Asia/Tehran,airport,OurAirports
5933,Dasht-e Naz Airport,Dasht-e-naz,Iran,SRY,OINZ,36.635799408,53.193599700899995,35,3.5,E,Asia/Tehran,airport,OurAirports
5934,Lar Airport,Lar,Iran,LRR,OISL,27.6746997833,54.3833007812,2641,3.5,E,Asia/Tehran,airport,OurAirports
5935,Ardabil Airport,Ardabil,Iran,ADU,OITL,38.3256988525,48.4244003296,4315,3.5,E,Asia/Tehran,airport,OurAirports
5936,Urmia Airport,Uromiyeh,Iran,OMH,OITR,37.6680984497,45.0686988831,4343,3.5,E,Asia/Tehran,airport,OurAirports
5937,Al Ain International Airport,Al Ain,United Arab Emirates,AAN,OMAL,24.261699676513672,55.60919952392578,869,4.0,U,Asia/Dubai,airport,OurAirports
5939,Bahawalpur Airport,Bahawalpur,Pakistan,BHV,OPBW,29.348100662231445,71.71800231933594,392,5.0,N,Asia/Karachi,airport,OurAirports
5940,Chitral Airport,Chitral,Pakistan,CJL,OPCH,35.886600494384766,71.80059814453125,4920,5.0,N,Asia/Karachi,airport,OurAirports
5941,Dalbandin Airport,Dalbandin,Pakistan,DBA,OPDB,28.8782997131,64.3998031616,2800,5.0,N,Asia/Karachi,airport,OurAirports
5942,Dera Ghazi Khan Airport,Dera Ghazi Khan,Pakistan,DEA,OPDG,29.961000442504883,70.48590087890625,492,5.0,N,Asia/Karachi,airport,OurAirports
5943,Dera Ismael Khan Airport,Dera Ismael Khan,Pakistan,DSK,OPDI,31.909400939941406,70.89659881591797,594,5.0,N,Asia/Karachi,airport,OurAirports
5949,Skardu Airport,Skardu,Pakistan,KDU,OPSD,35.33549880981445,75.53600311279297,7316,5.0,N,Asia/Karachi,airport,OurAirports
5951,Turbat International Airport,Turbat,Pakistan,TUK,OPTU,25.986400604248047,63.03020095825195,498,5.0,N,Asia/Karachi,airport,OurAirports
5952,Sulaymaniyah International Airport,Sulaymaniyah,Iraq,ISU,ORSU,35.5617485046,45.3167381287,2494,3.0,U,Asia/Baghdad,airport,OurAirports
5954,Sayun International Airport,Sayun Intl,Yemen,GXF,OYSY,15.9660997391,48.78829956049999,2097,3.0,U,Asia/Aden,airport,OurAirports
5994,Kushiro Airport,Kushiro,Japan,KUH,RJCK,43.041000366199995,144.192993164,327,9.0,U,Asia/Tokyo,airport,OurAirports
5996,Saga Airport,Saga,Japan,HSG,RJFS,33.149700164799995,130.302001953,6,9.0,N,Asia/Tokyo,airport,OurAirports
5997,Nagoya Airport,Nagoya,Japan,NKM,RJNA,35.255001068115234,136.9239959716797,52,9.0,U,Asia/Tokyo,airport,OurAirports
5998,Iwami Airport,Iwami,Japan,IWJ,RJOW,34.676399231,131.789993286,184,9.0,U,Asia/Tokyo,airport,OurAirports
5999,Fukushima Airport,Fukushima,Japan,FKS,RJSF,37.22740173339844,140.43099975585938,1221,9.0,U,Asia/Tokyo,airport,OurAirports
6000,Odate Noshiro Airport,Odate Noshiro,Japan,ONJ,RJSR,40.1918983459,140.371002197,292,9.0,U,Asia/Tokyo,airport,OurAirports
6001,Shonai Airport,Shonai,Japan,SYO,RJSY,38.81219863889999,139.787002563,86,9.0,U,Asia/Tokyo,airport,OurAirports
6003,Kunsan Air Base,Kunsan,South Korea,KUV,RKJK,35.90380096435547,126.61599731445312,29,9.0,U,Asia/Seoul,airport,OurAirports
6005,Wonju/Hoengseong Air Base (K-38/K-46),Wonju,South Korea,WJU,RKNW,37.441201,127.963858,329,9.0,U,Asia/Seoul,airport,OurAirports
6006,Yangyang International Airport,Sokcho / Gangneung,South Korea,YNY,RKNY,38.061298,128.669006,241,9.0,U,Asia/Seoul,airport,OurAirports
6007,Sacheon Air Base/Airport,Sacheon,South Korea,HIN,RKPS,35.088591,128.071747,25,9.0,U,Asia/Seoul,airport,OurAirports
6008,Cheongju International Airport/Cheongju Air Base (K-59/G-513),Chongju,South Korea,CJJ,RKTU,36.717008,127.498741,191,9.0,U,Asia/Seoul,airport,OurAirports
6012,Camiguin Airport,Camiguin,Philippines,CGM,RPMH,9.253520011901855,124.70700073242188,53,8.0,N,Asia/Manila,airport,OurAirports
6013,Jolo Airport,Jolo,Philippines,JOL,RPMJ,6.0536699295043945,121.01100158691406,118,8.0,N,Asia/Manila,airport,OurAirports
6016,Surigao Airport,Sangley Point,Philippines,SUG,RPMS,9.755838325629998,125.480947495,20,8.0,N,Asia/Manila,airport,OurAirports
6018,Naga Airport,Naga,Philippines,WNP,RPUN,13.58489990234375,123.2699966430664,142,8.0,N,Asia/Manila,airport,OurAirports
6021,Tuguegarao Airport,Tuguegarao,Philippines,TUG,RPUT,17.6433676823,121.733150482,70,8.0,N,Asia/Manila,airport,OurAirports
6022,Virac Airport,Virac,Philippines,VRC,RPUV,13.57639980316162,124.20600128173828,121,8.0,N,Asia/Manila,airport,OurAirports
6023,Calbayog Airport,Calbayog City,Philippines,CYP,RPVC,12.072699546813965,124.54499816894533,12,8.0,N,Asia/Manila,airport,OurAirports
6024,Catarman National Airport,Catarman,Philippines,CRM,RPVF,12.502400398254396,124.63600158691406,6,8.0,N,Asia/Manila,airport,OurAirports
6025,Moises R. Espinosa Airport,Masbate,Philippines,MBT,RPVJ,12.369682,123.630095,49,8.0,N,Asia/Manila,airport,OurAirports
6026,Roxas Airport,Roxas City,Philippines,RXS,RPVR,11.597700119018556,122.7519989013672,10,8.0,N,Asia/Manila,airport,OurAirports
6045,San Cristóbal Airport,San Cristóbal,Ecuador,SCY,SEST,-0.910206,-89.617401,62,-6.0,U,Pacific/Galapagos,airport,OurAirports
6083,Kokshetau Airport,Kokshetau,Kazakhstan,KOV,UACK,53.329102,69.594597,900,6.0,U,Asia/Qyzylorda,airport,OurAirports
6084,Petropavlosk South Airport,Petropavlosk,Kazakhstan,PPK,UACP,54.77470016479492,69.18389892578125,453,6.0,U,Asia/Qyzylorda,airport,OurAirports
6085,Zhezkazgan Airport,Zhezkazgan,Kazakhstan,DZN,UAKD,47.708302,67.733299,1250,6.0,U,Asia/Qyzylorda,airport,OurAirports
6086,Ust-Kamennogorsk Airport,Ust Kamenogorsk,Kazakhstan,UKK,UASK,50.036598205566406,82.49420166015625,939,6.0,U,Asia/Qyzylorda,airport,OurAirports
6088,Kostanay West Airport,Kostanay,Kazakhstan,KSN,UAUU,53.20690155029297,63.55030059814453,595,6.0,U,Asia/Qyzylorda,airport,OurAirports
6089,Ganja Airport,Ganja,Azerbaijan,KVD,UBBG,40.737701416015625,46.31760025024414,1083,4.0,E,Asia/Baku,airport,OurAirports
6090,Nakhchivan Airport,Nakhchivan,Azerbaijan,NAJ,UBBN,39.18880081176758,45.45840072631836,2863,4.0,E,Asia/Baku,airport,OurAirports
6091,Chulman Airport,Neryungri,Russia,NER,UELL,56.913898468018,124.91400146484,2812,9.0,N,Asia/Yakutsk,airport,OurAirports
6092,Polyarny Airport,Yakutia,Russia,PYJ,UERP,66.4003982544,112.029998779,1660,9.0,N,Asia/Yakutsk,airport,OurAirports
6093,Chokurdakh Airport,Chokurdah,Russia,CKH,UESO,70.62310028076172,147.90199279785156,151,11.0,N,Asia/Srednekolymsk,airport,OurAirports
6094,Cherskiy Airport,Cherskiy,Russia,CYX,UESS,68.7406005859375,161.33799743652344,20,11.0,N,Asia/Srednekolymsk,airport,OurAirports
6095,Tiksi Airport,Tiksi,Russia,IKS,UEST,71.697700500488,128.90299987793,26,9.0,N,Asia/Yakutsk,airport,OurAirports
6098,Ugolny Airport,Anadyr,Russia,DYR,UHMA,64.734902,177.740997,194,12.0,N,Asia/Anadyr,airport,OurAirports
6118,Kyzyl Airport,Kyzyl,Russia,KYZ,UNKY,51.66939926147461,94.40059661865234,2123,7.0,N,Asia/Krasnoyarsk,airport,OurAirports
6119,Spichenkovo Airport,Novokuznetsk,Russia,NOZ,UNWW,53.811401,86.877197,1024,7.0,N,Asia/Krasnoyarsk,airport,OurAirports
6121,Igarka Airport,Igarka,Russia,IAA,UOII,67.43720245361328,86.62190246582031,82,7.0,N,Asia/Krasnoyarsk,airport,OurAirports
6137,Salekhard Airport,Salekhard,Russia,SLY,USDD,66.5907974243164,66.61100006103516,218,5.0,N,Asia/Yekaterinburg,airport,OurAirports
6138,Khanty Mansiysk Airport,Khanty-Mansiysk,Russia,HMA,USHH,61.02849960327149,69.08609771728516,76,5.0,N,Asia/Yekaterinburg,airport,OurAirports
6139,Nyagan Airport,Nyagan,Russia,NYA,USHN,62.110001,65.614998,361,5.0,N,Asia/Yekaterinburg,airport,OurAirports
6140,Sovetskiy Airport,Sovetskiy,Russia,OVS,USHS,61.326622009277344,63.60191345214844,351,5.0,N,Asia/Yekaterinburg,airport,OurAirports
6143,Nadym Airport,Nadym,Russia,NYM,USMM,65.48090362548828,72.69889831542969,49,5.0,N,Asia/Yekaterinburg,airport,OurAirports
6146,Kurgan Airport,Kurgan,Russia,KRO,USUU,55.47529983520508,65.41560363769531,240,5.0,N,Asia/Yekaterinburg,airport,OurAirports
6147,Khudzhand Airport,Khudzhand,Tajikistan,LBD,UTDL,40.21540069580078,69.6947021484375,1450,5.0,U,Asia/Dushanbe,airport,OurAirports
6148,Andizhan Airport,Andizhan,Uzbekistan,AZN,UTKA,40.7276992798,72.2939987183,1515,5.0,U,Asia/Samarkand,airport,OurAirports
6149,Fergana International Airport,Fergana,Uzbekistan,FEG,UTKF,40.358798980699994,71.7450027466,1980,5.0,U,Asia/Samarkand,airport,OurAirports
6150,Namangan Airport,Namangan,Uzbekistan,NMA,UTKN,40.9846000671,71.5567016602,1555,5.0,U,Asia/Samarkand,airport,OurAirports
6151,Nukus Airport,Nukus,Uzbekistan,NCU,UTNN,42.488399505615234,59.62329864501953,246,5.0,U,Asia/Samarkand,airport,OurAirports
6152,Urgench Airport,Urgench,Uzbekistan,UGC,UTNU,41.58430099487305,60.641700744628906,320,5.0,U,Asia/Samarkand,airport,OurAirports
6153,Karshi Khanabad Airport,Khanabad,Uzbekistan,KSQ,UTSL,38.8335990906,65.9215011597,1365,5.0,U,Asia/Samarkand,airport,OurAirports
6154,Termez Airport,Termez,Uzbekistan,TMJ,UTST,37.28670120239258,67.30999755859375,1027,5.0,U,Asia/Samarkand,airport,OurAirports
6164,Orsk Airport,Orsk,Russia,OSW,UWOR,51.0724983215332,58.59560012817383,909,5.0,N,Asia/Yekaterinburg,airport,OurAirports
6168,Hubli Airport,Hubli,India,HBX,VAHB,15.361700058,75.08489990230001,2171,5.5,N,Asia/Calcutta,airport,OurAirports
6169,Koggala Airport,Koggala,Sri Lanka,KCT,VCCK,5.993680000305176,80.32029724121094,10,5.5,U,Asia/Colombo,airport,OurAirports
6172,Shillong Airport,Shillong,India,SHL,VEBI,25.70359992980957,91.97869873046876,2910,5.5,N,Asia/Calcutta,airport,OurAirports
6173,Lokpriya Gopinath Bordoloi International Airport,Guwahati,India,GAU,VEGT,26.10610008239746,91.58589935302734,162,5.5,N,Asia/Calcutta,airport,OurAirports
6174,Dimapur Airport,Dimapur,India,DMU,VEMR,25.8838996887,93.7711029053,487,5.5,N,Asia/Calcutta,airport,OurAirports
6176,Barisal Airport,Barisal,Bangladesh,BZL,VGBR,22.801000595092773,90.30120086669922,23,6.0,U,Asia/Dhaka,airport,OurAirports
6177,Ban Huoeisay Airport,Huay Xai,Laos,HOE,VLHS,20.2572994232,100.43699646,1380,7.0,N,Asia/Vientiane,airport,OurAirports
6179,Bharatpur Airport,Bharatpur,Nepal,BHR,VNBP,27.678101,84.429398,600,5.75,N,Asia/Katmandu,airport,OurAirports
6180,Bhadrapur Airport,Chandragarhi,Nepal,BDP,VNCG,26.5708007812,88.07959747310001,300,5.75,N,Asia/Katmandu,airport,OurAirports
6182,Nepalgunj Airport,Nepalgunj,Nepal,KEP,VNNG,28.103599548339844,81.66699981689453,540,5.75,N,Asia/Katmandu,airport,OurAirports
6186,Mae Sot Airport,Tak,Thailand,MAQ,VTPM,16.699899673461914,98.54509735107422,690,7.0,U,Asia/Bangkok,airport,OurAirports
6187,Buon Ma Thuot Airport,Buonmethuot,Vietnam,BMV,VVBM,12.668299675,108.120002747,1729,7.0,U,Asia/Saigon,airport,OurAirports
6188,Cat Bi International Airport,Haiphong,Vietnam,HPH,VVCI,20.819400787353516,106.7249984741211,6,7.0,U,Asia/Saigon,airport,OurAirports
6189,Cam Ranh Airport,Nha Trang,Vietnam,CXR,VVCR,11.99820041656494,109.21900177001952,40,7.0,U,Asia/Saigon,airport,OurAirports
6190,Co Ong Airport,Conson,Vietnam,VCS,VVCS,8.73183,106.633003,20,7.0,U,Asia/Saigon,airport,OurAirports
6191,Can Tho International Airport,Can Tho,Vietnam,VCA,VVCT,10.085100174,105.711997986,9,7.0,U,Asia/Saigon,airport,OurAirports
6192,Dien Bien Phu Airport,Dienbienphu,Vietnam,DIN,VVDB,21.3974990845,103.008003235,1611,7.0,U,Asia/Saigon,airport,OurAirports
6193,Phu Cat Airport,Phucat,Vietnam,UIH,VVPC,13.955,109.042,80,7.0,U,Asia/Saigon,airport,OurAirports
6194,Pleiku Airport,Pleiku,Vietnam,PXU,VVPK,14.00450038909912,108.01699829101562,2434,7.0,U,Asia/Saigon,airport,OurAirports
6195,Vinh Airport,Vinh,Vietnam,VII,VVVH,18.7376003265,105.67099762,23,7.0,U,Asia/Saigon,airport,OurAirports
6197,Dawei Airport,Dawei,Burma,TVY,VYDW,14.103899955749512,98.20359802246094,84,6.5,U,Asia/Rangoon,airport,OurAirports
6198,Kawthoung Airport,Kawthoung,Burma,KAW,VYKT,10.04930019378662,98.53800201416016,180,6.5,U,Asia/Rangoon,airport,OurAirports
6204,Tambolaka Airport,Waikabubak-Sumba Island,Indonesia,TMC,WADT,-9.40972,119.244003,161,8.0,N,Asia/Makassar,airport,OurAirports
6209,Kalimarau Airport,Tanjung Redep-Borneo Island,Indonesia,BEJ,WALK,2.1555,117.431999,59,8.0,N,Asia/Makassar,airport,OurAirports
6212,Dumatumbun Airport,Langgur-Kei Islands,Indonesia,LUV,WAPL,-5.661620140075684,132.7310028076172,10,9.0,N,Asia/Jayapura,airport,OurAirports
6215,Long Lellang Airport,Long Datih,Malaysia,LGL,WBGF,3.4210000038099997,115.153999329,1400,8.0,N,Asia/Kuala_Lumpur,airport,OurAirports
6216,Long Seridan Airport,Long Seridan,Malaysia,ODN,WBGI,3.9670000076293945,115.0500030517578,607,8.0,N,Asia/Kuala_Lumpur,airport,OurAirports
6217,Mukah Airport,Mukah,Malaysia,MKM,WBGK,2.90639,112.080002,13,8.0,N,Asia/Kuala_Lumpur,airport,OurAirports
6218,Bakalalan Airport,Bakalalan,Malaysia,BKM,WBGQ,3.973999977111816,115.61799621582033,2900,8.0,N,Asia/Kuala_Lumpur,airport,OurAirports
6219,Lawas Airport,Lawas,Malaysia,LWY,WBGW,4.84917,115.407997,5,8.0,N,Asia/Kuala_Lumpur,airport,OurAirports
6220,Bario Airport,Bario,Malaysia,BBN,WBGZ,3.7338900566101074,115.47899627685548,3350,8.0,N,Asia/Kuala_Lumpur,airport,OurAirports
6222,Kudat Airport,Kudat,Malaysia,KUD,WBKT,6.922500133514404,116.83599853515624,10,8.0,N,Asia/Kuala_Lumpur,airport,OurAirports
6223,Radin Inten II (Branti) Airport,Bandar Lampung-Sumatra Island,Indonesia,TKG,WIAT,-5.240556,105.175556,282,7.0,N,Asia/Jakarta,airport,OurAirports
6225,Ranai Airport,Ranai-Natuna Besar Island,Indonesia,NTX,WION,3.90871,108.388,7,7.0,N,Asia/Jakarta,airport,OurAirports
6235,Albany Airport,Albany,Australia,ALH,YABA,-34.94329833984375,117.80899810791016,233,8.0,O,Australia/Perth,airport,OurAirports
6237,Aurukun Airport,Aurukun,Australia,AUU,YAUR,-13.354067,141.72065,31,10.0,O,Australia/Brisbane,airport,OurAirports
6238,Barcaldine Airport,Barcaldine,Australia,BCI,YBAR,-23.5652999878,145.307006836,878,10.0,O,Australia/Brisbane,airport,OurAirports
6240,Birdsville Airport,Birdsville,Australia,BVI,YBDV,-25.897499084472656,139.34800720214844,159,10.0,O,Australia/Brisbane,airport,OurAirports
6241,Broken Hill Airport,Broken Hill,Australia,BHQ,YBHI,-32.0013999939,141.472000122,958,9.5,O,Australia/Adelaide,airport,OurAirports
6242,Hamilton Island Airport,Hamilton Island,Australia,HTI,YBHM,-20.3581008911,148.95199585,15,10.0,O,Australia/Brisbane,airport,OurAirports
6243,Bedourie Airport,Bedourie,Australia,BEU,YBIE,-24.346099853515625,139.4600067138672,300,10.0,O,Australia/Brisbane,airport,OurAirports
6245,Burketown Airport,Burketown,Australia,BUC,YBKT,-17.748600006103516,139.53399658203125,21,10.0,O,Australia/Brisbane,airport,OurAirports
6248,Boulia Airport,Boulia,Australia,BQL,YBOU,-22.913299560546875,139.89999389648438,542,10.0,O,Australia/Brisbane,airport,OurAirports
6249,Bathurst Airport,Bathurst,Australia,BHS,YBTH,-33.4094009399,149.651992798,2435,10.0,O,Australia/Sydney,airport,OurAirports
6253,Coober Pedy Airport,Coober Pedy,Australia,CPD,YCBP,-29.040000915527344,134.7209930419922,740,9.5,O,Australia/Adelaide,airport,OurAirports
6255,Cloncurry Airport,Cloncurry,Australia,CNJ,YCCY,-20.6686000824,140.503997803,616,10.0,O,Australia/Brisbane,airport,OurAirports
6256,Ceduna Airport,Ceduna,Australia,CED,YCDU,-32.13059997558594,133.7100067138672,77,9.5,O,Australia/Adelaide,airport,OurAirports
6258,Cunnamulla Airport,Cunnamulla,Australia,CMA,YCMU,-28.030000686645508,145.6219940185547,630,10.0,O,Australia/Brisbane,airport,OurAirports
6260,Coen Airport,Coen,Australia,CUQ,YCOE,-13.761133,143.113311,532,10.0,O,Australia/Brisbane,airport,OurAirports
6262,Doomadgee Airport,Doomadgee,Australia,DMD,YDMG,-17.9403,138.822006,153,10.0,O,Australia/Brisbane,airport,OurAirports
6264,Devonport Airport,Devonport,Australia,DPO,YDPO,-41.1697006226,146.429992676,33,10.0,O,Australia/Melbourne,airport,OurAirports
6265,Elcho Island Airport,Elcho Island,Australia,ELC,YELD,-12.019399642899998,135.570999146,101,9.5,O,Australia/Darwin,airport,OurAirports
6266,Esperance Airport,Esperance,Australia,EPR,YESP,-33.684399,121.822998,470,8.0,O,Australia/Perth,airport,OurAirports
6267,Flinders Island Airport,Flinders Island,Australia,FLS,YFLI,-40.0917015076,147.992996216,10,10.0,O,Australia/Melbourne,airport,OurAirports
6268,Geraldton Airport,Geraldton,Australia,GET,YGEL,-28.796101,114.707001,121,8.0,O,Australia/Perth,airport,OurAirports
6269,Gladstone Airport,Gladstone,Australia,GLT,YGLA,-23.869699,151.223007,64,10.0,O,Australia/Brisbane,airport,OurAirports
6270,Groote Eylandt Airport,Groote Eylandt,Australia,GTE,YGTE,-13.9750003815,136.460006714,53,9.5,O,Australia/Darwin,airport,OurAirports
6271,Griffith Airport,Griffith,Australia,GFF,YGTH,-34.2508010864,146.067001343,439,10.0,O,Australia/Sydney,airport,OurAirports
6272,Horn Island Airport,Horn Island,Australia,HID,YHID,-10.586400032,142.289993286,43,10.0,O,Australia/Brisbane,airport,OurAirports
6276,Julia Creek Airport,Julia Creek,Australia,JCK,YJLC,-20.66830062866211,141.72300720214844,404,10.0,O,Australia/Brisbane,airport,OurAirports
6278,King Island Airport,King Island,Australia,KNS,YKII,-39.877498626708984,143.8780059814453,132,10.0,O,Australia/Melbourne,airport,OurAirports
6281,Kowanyama Airport,Kowanyama,Australia,KWM,YKOW,-15.485600471496582,141.75100708007812,35,10.0,O,Australia/Brisbane,airport,OurAirports
6285,Lord Howe Island Airport,Lord Howe Island,Australia,LDH,YLHI,-31.5382995605,159.07699585,5,10.5,O,Australia/Lord_Howe,airport,OurAirports
6286,Lockhart River Airport,Lockhart River,Australia,IRG,YLHR,-12.7869,143.304993,77,10.0,O,Australia/Brisbane,airport,OurAirports
6287,Lismore Airport,Lismore,Australia,LSY,YLIS,-28.8302993774,153.259994507,35,10.0,O,Australia/Sydney,airport,OurAirports
6289,Longreach Airport,Longreach,Australia,LRE,YLRE,-23.4342002869,144.279998779,627,10.0,O,Australia/Brisbane,airport,OurAirports
6294,Merimbula Airport,Merimbula,Australia,MIM,YMER,-36.9085998535,149.901000977,7,10.0,O,Australia/Sydney,airport,OurAirports
6295,Milingimbi Airport,Milingimbi,Australia,MGT,YMGB,-12.0944004059,134.893997192,53,9.5,O,Australia/Darwin,airport,OurAirports
6296,Maningrida Airport,Maningrida,Australia,MNG,YMGD,-12.0560998917,134.23399353,123,9.5,O,Australia/Darwin,airport,OurAirports
6297,McArthur River Mine Airport,McArthur River Mine,Australia,MCV,YMHU,-16.4424991608,136.083999634,131,9.5,O,Australia/Darwin,airport,OurAirports
6298,Mildura Airport,Mildura,Australia,MQL,YMIA,-34.229198455799995,142.085998535,167,10.0,O,Australia/Hobart,airport,OurAirports
6300,Moree Airport,Moree,Australia,MRZ,YMOR,-29.498899459799997,149.845001221,701,10.0,O,Australia/Sydney,airport,OurAirports
6301,Moranbah Airport,Moranbah,Australia,MOV,YMRB,-22.057800293,148.07699585,770,10.0,O,Australia/Brisbane,airport,OurAirports
6302,Moruya Airport,Moruya,Australia,MYA,YMRY,-35.8978004456,150.143997192,14,10.0,O,Australia/Sydney,airport,OurAirports
6303,Mount Gambier Airport,Mount Gambier,Australia,MGB,YMTG,-37.745601654052734,140.78500366210938,212,9.5,O,Australia/Adelaide,airport,OurAirports
6304,Mornington Island Airport,Mornington Island,Australia,ONG,YMTI,-16.662500381469727,139.17799377441406,33,10.0,O,Australia/Brisbane,airport,OurAirports
6307,Narrandera Airport,Narrandera,Australia,NRA,YNAR,-34.7022018433,146.511993408,474,10.0,O,Australia/Sydney,airport,OurAirports
6309,Normanton Airport,Normanton,Australia,NTN,YNTN,-17.68409,141.069664,73,10.0,O,Australia/Brisbane,airport,OurAirports
6310,Newman Airport,Newman,Australia,ZNE,YNWN,-23.4178009033,119.803001404,1724,8.0,O,Australia/Perth,airport,OurAirports
6311,Olympic Dam Airport,Olympic Dam,Australia,OLP,YOLD,-30.485000610399997,136.876998901,343,9.5,O,Australia/Adelaide,airport,OurAirports
6312,Port Augusta Airport,Argyle,Australia,PUG,YPAG,-32.506900787353516,137.7169952392578,56,9.5,O,Australia/Adelaide,airport,OurAirports
6314,Paraburdoo Airport,Paraburdoo,Australia,PBO,YPBO,-23.1711006165,117.745002747,1406,8.0,O,Australia/Perth,airport,OurAirports
6316,Gove Airport,Gove,Australia,GOV,YPGV,-12.269399642899998,136.817993164,192,9.5,O,Australia/Darwin,airport,OurAirports
6317,Parkes Airport,Parkes,Australia,PKE,YPKS,-33.131401062,148.238998413,1069,10.0,O,Australia/Sydney,airport,OurAirports
6318,Port Lincoln Airport,Port Lincoln,Australia,PLO,YPLC,-34.6053009033,135.880004883,36,9.5,O,Australia/Adelaide,airport,OurAirports
6319,Pormpuraaw Airport,Pormpuraaw,Australia,EDR,YPMP,-14.896451,141.60908,10,10.0,O,Australia/Brisbane,airport,OurAirports
6320,Port Macquarie Airport,Port Macquarie,Australia,PQQ,YPMQ,-31.4358005524,152.863006592,12,10.0,O,Australia/Sydney,airport,OurAirports
6321,Portland Airport,Portland,Australia,PTJ,YPOD,-38.31809997558594,141.4709930419922,265,10.0,O,Australia/Hobart,airport,OurAirports
6322,Quilpie Airport,Quilpie,Australia,ULP,YQLP,-26.612199783325195,144.2530059814453,655,10.0,O,Australia/Brisbane,airport,OurAirports
6324,Roma Airport,Roma,Australia,RMA,YROM,-26.545000076300003,148.774993896,1032,10.0,O,Australia/Brisbane,airport,OurAirports
6325,St George Airport,St George,Australia,SGO,YSGE,-28.049699783325195,148.59500122070312,656,10.0,O,Australia/Brisbane,airport,OurAirports
6329,Thargomindah Airport,Thargomindah,Australia,XTG,YTGM,-27.986400604248047,143.81100463867188,433,10.0,O,Australia/Brisbane,airport,OurAirports
6333,Windorah Airport,Windorah,Australia,WNR,YWDH,-25.41309928894043,142.66700744628906,452,10.0,O,Australia/Brisbane,airport,OurAirports
6334,Whyalla Airport,Whyalla,Australia,WYA,YWHA,-33.05889892578125,137.51400756835938,41,9.5,O,Australia/Adelaide,airport,OurAirports
6337,Winton Airport,Winton,Australia,WIN,YWTN,-22.36359977722168,143.08599853515625,638,10.0,O,Australia/Brisbane,airport,OurAirports
6338,Wynyard Airport,Burnie,Australia,BWT,YWYY,-40.9989013671875,145.7310028076172,62,10.0,O,Australia/Melbourne,airport,OurAirports
6341,Beijing Nanyuan Airport,Beijing,China,NAY,ZBNY,39.78279876708984,116.38800048828124,0,8.0,U,Asia/Shanghai,airport,OurAirports
6342,Chifeng Airport,Chifeng,China,CIF,ZBCF,42.23500061035156,118.90799713134766,0,8.0,U,Asia/Shanghai,airport,OurAirports
6343,Changzhi Airport,Changzhi,China,CIH,ZBCZ,36.247501,113.125999,0,8.0,U,Asia/Shanghai,airport,OurAirports
6344,Datong Airport,Datong,China,DAT,ZBDT,40.060299,113.482002,3442,8.0,U,Asia/Shanghai,airport,OurAirports
6345,Baita International Airport,Hohhot,China,HET,ZBHH,40.851398,111.823997,3556,8.0,U,Asia/Shanghai,airport,OurAirports
6346,Baotou Airport,Baotou,China,BAV,ZBOW,40.560001373291016,109.99700164794922,3321,8.0,U,Asia/Shanghai,airport,OurAirports
6347,Shijiazhuang Daguocun International Airport,Shijiazhuang,China,SJW,ZBSJ,38.28070068359375,114.6969985961914,233,8.0,U,Asia/Shanghai,airport,OurAirports
6348,Tongliao Airport,Tongliao,China,TGO,ZBTL,43.556702,122.199997,2395,8.0,U,Asia/Shanghai,airport,OurAirports
6349,Ulanhot Airport,Ulanhot,China,HLH,ZBUL,46.195333,122.008333,0,8.0,U,Asia/Shanghai,airport,OurAirports
6350,Xilinhot Airport,Xilinhot,China,XIL,ZBXH,43.91559982299805,115.96399688720705,0,8.0,U,Asia/Shanghai,airport,OurAirports
6351,Beihai Airport,Beihai,China,BHY,ZGBH,21.5394,109.293999,0,8.0,U,Asia/Shanghai,airport,OurAirports
6352,Changde Airport,Changde,China,CGD,ZGCD,28.9188995361,111.63999939,128,8.0,U,Asia/Shanghai,airport,OurAirports
6353,Dayong Airport,Dayong,China,DYG,ZGDY,29.1028,110.443001,692,8.0,U,Asia/Shanghai,airport,OurAirports
6354,Meixian Airport,Meixian,China,MXZ,ZGMX,24.350000381469727,116.13300323486328,0,8.0,U,Asia/Shanghai,airport,OurAirports
6355,Zhuhai Jinwan Airport,Zhuhai,China,ZUH,ZGSD,22.006399,113.375999,23,8.0,U,Asia/Shanghai,airport,OurAirports
6356,Liuzhou Bailian Airport,Liuzhou,China,LZH,ZGZH,24.2075,109.390999,295,8.0,U,Asia/Shanghai,airport,OurAirports
6357,Zhanjiang Airport,Zhanjiang,China,ZHA,ZGZJ,21.214399,110.358002,125,8.0,U,Asia/Shanghai,airport,OurAirports
6358,Enshi Airport,Enshi,China,ENH,ZHES,30.3202991486,109.48500061,1605,8.0,U,Asia/Shanghai,airport,OurAirports
6359,Nanyang Jiangying Airport,Nanyang,China,NNY,ZHNY,32.980801,112.614998,840,8.0,U,Asia/Shanghai,airport,OurAirports
6360,Xiangyang Liuji Airport,Xiangfan,China,XFN,ZHXF,32.1506,112.291,0,8.0,U,Asia/Shanghai,airport,OurAirports
6361,Yichang Sanxia Airport,Yichang,China,YIH,ZHYC,30.55655,111.479988,673,8.0,U,Asia/Shanghai,airport,OurAirports
6363,Golmud Airport,Golmud,China,GOQ,ZLGM,36.4006,94.786102,9334,8.0,U,Asia/Shanghai,airport,OurAirports
6365,Qingyang Airport,Qingyang,China,IQN,ZLQY,35.799702,107.602997,0,8.0,U,Asia/Shanghai,airport,OurAirports
6366,Xining Caojiabu Airport,Xining,China,XNN,ZLXN,36.5275,102.042999,7119,8.0,U,Asia/Shanghai,airport,OurAirports
6367,Yan'an Ershilipu Airport,Yan'an,China,ENY,ZLYA,36.636902,109.554001,3100,8.0,U,Asia/Shanghai,airport,OurAirports
6368,Yulin Yuyang Airport,Yulin,China,UYN,ZLYL,38.35971,109.590927,0,8.0,U,Asia/Shanghai,airport,OurAirports
6370,Altai Airport,Altai,Mongolia,LTI,ZMAT,46.37639999389648,96.22109985351562,7260,8.0,U,Asia/Ulaanbaatar,airport,OurAirports
6371,Bayankhongor Airport,Bayankhongor,Mongolia,BYN,ZMBH,46.163299560546875,100.7040023803711,6085,8.0,U,Asia/Ulaanbaatar,airport,OurAirports
6372,Dalanzadgad Airport,Dalanzadgad,Mongolia,DLZ,ZMDZ,43.59170150756836,104.43000030517578,4787,8.0,U,Asia/Ulaanbaatar,airport,OurAirports
6373,Khovd Airport,Khovd,Mongolia,HVD,ZMKD,47.9541015625,91.6281967163086,4898,7.0,U,Asia/Hovd,airport,OurAirports
6374,Mörön Airport,Muren,Mongolia,MXV,ZMMN,49.663299560546875,100.0989990234375,4272,8.0,U,Asia/Ulaanbaatar,airport,OurAirports
6375,Diqing Airport,Shangri-La,China,DIG,ZPDQ,27.7936,99.6772,10761,8.0,U,Asia/Shanghai,airport,OurAirports
6376,Mangshi Airport,Luxi,China,LUM,ZPLX,24.4011,98.5317,2890,8.0,U,Asia/Shanghai,airport,OurAirports
6377,Pu'er Simao Airport,Simao,China,SYM,ZPSM,22.793301,100.959,0,8.0,U,Asia/Shanghai,airport,OurAirports
6378,Zhaotong Airport,Zhaotong,China,ZAT,ZPZT,27.325599670410156,103.75499725341795,0,8.0,U,Asia/Shanghai,airport,OurAirports
6379,Ganzhou Airport,Ganzhou,China,KOW,ZSGZ,25.853333,114.778889,387,8.0,U,Asia/Shanghai,airport,OurAirports
6380,Jingdezhen Airport,Jingdezhen,China,JDZ,ZSJD,29.3386001587,117.176002502,112,8.0,U,Asia/Shanghai,airport,OurAirports
6381,Jiujiang Lushan Airport,Jiujiang,China,JIU,ZSJJ,29.476944,115.801111,0,8.0,U,Asia/Shanghai,airport,OurAirports
6382,Quzhou Airport,Quzhou,China,JUZ,ZSJU,28.965799,118.899002,0,8.0,U,Asia/Shanghai,airport,OurAirports
6383,Lianyungang Airport,Lianyungang,China,LYG,ZSLG,34.571667,118.873611,0,8.0,U,Asia/Shanghai,airport,OurAirports
6384,Huangyan Luqiao Airport,Huangyan,China,HYN,ZSLQ,28.56220054626465,121.4290008544922,0,8.0,U,Asia/Shanghai,airport,OurAirports
6385,Shubuling Airport,Linyi,China,LYI,ZSLY,35.04610061645508,118.41200256347656,0,8.0,U,Asia/Shanghai,airport,OurAirports
6386,Quanzhou Jinjiang International Airport,Quanzhou,China,JJN,ZSQZ,24.7964,118.589996,0,8.0,U,Asia/Shanghai,airport,OurAirports
6387,Tunxi International Airport,Huangshan,China,TXN,ZSTX,29.733299255371097,118.25599670410156,0,8.0,U,Asia/Shanghai,airport,OurAirports
6388,Weifang Airport,Weifang,China,WEF,ZSWF,36.646702,119.119003,0,8.0,U,Asia/Shanghai,airport,OurAirports
6390,Sunan Shuofang International Airport,Wuxi,China,WUX,ZSWX,31.494400024399997,120.429000854,24,8.0,U,Asia/Shanghai,airport,OurAirports
6391,Nanping Wuyishan Airport,Wuyishan,China,WUS,ZSWY,27.7019,118.000999,614,8.0,U,Asia/Shanghai,airport,OurAirports
6392,Wenzhou Longwan International Airport,Wenzhou,China,WNZ,ZSWZ,27.912201,120.851997,0,8.0,U,Asia/Shanghai,airport,OurAirports
6393,Yancheng Airport,Yancheng,China,YNZ,ZSYN,33.425833,120.203056,0,8.0,U,Asia/Shanghai,airport,OurAirports
6394,Yiwu Airport,Yiwu,China,YIW,ZSYW,29.3446998596,120.031997681,262,8.0,U,Asia/Shanghai,airport,OurAirports
6395,Zhoushan Airport,Zhoushan,China,HSN,ZSZS,29.9342002869,122.361999512,3,8.0,U,Asia/Shanghai,airport,OurAirports
6396,Qamdo Bangda Airport,Bangda,China,BPX,ZUBD,30.553600311279297,97.1082992553711,14219,8.0,U,Asia/Shanghai,airport,OurAirports
6397,Dachuan Airport,Dazhou,China,DAX,ZUDX,31.1302,107.4295,0,8.0,U,Asia/Shanghai,airport,OurAirports
6398,Guangyuan Airport,Guangyuan,China,GYS,ZUGU,32.3911018371582,105.7020034790039,0,8.0,U,Asia/Shanghai,airport,OurAirports
6399,Luzhou Airport,Luzhou,China,LZO,ZULZ,28.85219955444336,105.39299774169922,0,8.0,U,Asia/Shanghai,airport,OurAirports
6400,Mianyang Airport,Mianyang,China,MIG,ZUMY,31.4281005859375,104.74099731445312,0,8.0,U,Asia/Shanghai,airport,OurAirports
6401,Nanchong Airport,Nanchong,China,NAO,ZUNC,30.79545,106.1626,0,8.0,U,Asia/Shanghai,airport,OurAirports
6402,Nyingchi Airport,Nyingchi,China,LZY,ZUNZ,29.303300857543945,94.33529663085938,9675,8.0,U,Asia/Shanghai,airport,OurAirports
6403,Wanxian Airport,Wanxian,China,WXN,ZUWX,30.8017,108.433,0,8.0,U,Asia/Shanghai,airport,OurAirports
6404,Aksu Airport,Aksu,China,AKU,ZWAK,41.262501,80.291702,3816,8.0,U,Asia/Shanghai,airport,OurAirports
6406,Kuqa Airport,Kuqa,China,KCA,ZWKC,41.677856,82.872917,3524,8.0,U,Asia/Shanghai,airport,OurAirports
6407,Korla Airport,Korla,China,KRL,ZWKL,41.69779968261719,86.12889862060547,0,8.0,U,Asia/Shanghai,airport,OurAirports
6408,Karamay Airport,Karamay,China,KRY,ZWKM,45.46655,84.9527,0,8.0,U,Asia/Shanghai,airport,OurAirports
6409,Yining Airport,Yining,China,YIN,ZWYN,43.955799,81.330299,0,8.0,U,Asia/Shanghai,airport,OurAirports
6410,Heihe Airport,Heihe,China,HEK,ZYHE,50.1716209371,127.308883667,8530,8.0,U,Asia/Shanghai,airport,OurAirports
6411,Jiamusi Airport,Jiamusi,China,JMU,ZYJM,46.84339904789999,130.464996338,262,8.0,U,Asia/Shanghai,airport,OurAirports
6412,Jinzhou Airport,Jinzhou,China,JNZ,ZYJZ,41.10139846801758,121.06199645996094,0,8.0,U,Asia/Shanghai,airport,OurAirports
6413,Qiqihar Sanjiazi Airport,Qiqihar,China,NDG,ZYQQ,47.239601135253906,123.91799926757812,477,8.0,U,Asia/Shanghai,airport,OurAirports
6414,Yanji Chaoyangchuan Airport,Yanji,China,YNJ,ZYYJ,42.8828010559,129.451004028,624,8.0,U,Asia/Shanghai,airport,OurAirports
6427,Anqing Tianzhushan Airport,Anqing,China,AQG,ZSAQ,30.582199,117.050003,0,8.0,N,Asia/Shanghai,airport,OurAirports
6429,Shanhaiguan Airport,Qinhuangdao,China,SHP,ZBSH,39.968102,119.731003,30,8.0,N,Asia/Shanghai,airport,OurAirports
6430,Yuncheng Guangong Airport,Yuncheng,China,YCU,ZBYC,35.116391,111.031388889,1242,8.0,N,Asia/Shanghai,airport,OurAirports
6432,Jiayuguan Airport,Jiayuguan,China,JGN,ZLJQ,39.856899,98.3414,5112,8.0,N,Asia/Shanghai,airport,OurAirports
6433,Dandong Airport,Dandong,China,DDG,ZYDD,40.0247,124.286003,30,8.0,N,Asia/Shanghai,airport,OurAirports
6434,Ordos Ejin Horo Airport,Dongsheng,China,DSN,ZBDS,39.49,109.861388889,4557,8.0,N,Asia/Shanghai,airport,OurAirports
6435,Bao'anying Airport,Panzhihua,China,PZI,ZUZH,26.54,101.79852,1620,8.0,N,Asia/Shanghai,airport,OurAirports
6485,Navoi Airport,Navoi,Uzbekistan,NVI,UTSA,40.1171989440918,65.1707992553711,0,5.0,E,Asia/Samarkand,airport,OurAirports
6733,Cauayan Airport,Cauayan,Philippines,CYZ,RPUY,16.9298992157,121.752998352,200,8.0,N,Asia/Manila,airport,OurAirports
6741,Gorakhpur Airport,Gorakhpur,India,GOP,VEGK,26.739700317399997,83.4496994019,259,5.5,N,Asia/Calcutta,airport,OurAirports
6743,Hami Airport,Hami,China,HMI,ZWHM,42.8414,93.669197,2703,8.0,U,Asia/Shanghai,airport,OurAirports
6744,Wuzhou Changzhoudao Airport,Wuzhou,China,WUZ,ZGWZ,23.456699,111.248001,89,8.0,U,Asia/Shanghai,airport,OurAirports
6747,Gorgan Airport,Gorgan,Iran,GBT,OING,36.9094009399,54.4012985229,-24,3.5,E,Asia/Tehran,airport,OurAirports
6748,Ilam Airport,Ilam,Iran,IIL,OICI,33.58660125732422,46.40480041503906,4404,3.5,E,Asia/Tehran,airport,OurAirports
6749,Parsabade Moghan Airport,Parsabad,Iran,PFQ,OITP,39.60359954834,47.881500244141,251,3.5,E,Asia/Tehran,airport,OurAirports
6752,Tacheng Airport,Tacheng,China,TCG,ZWTC,46.67250061035156,83.3407974243164,0,8.0,U,Asia/Shanghai,airport,OurAirports
6758,Sege Airport,Sege,Solomon Islands,EGM,AGGS,-8.578889846801758,157.87600708007812,0,11.0,U,Pacific/Guadalcanal,airport,OurAirports
6760,Kangra Airport,Kangra,India,DHM,VIGG,32.16510009765625,76.26339721679688,2525,5.5,N,Asia/Calcutta,airport,OurAirports
6769,Long Akah Airport,Long Akah,Malaysia,LKH,WBGL,3.299999952316284,114.78299713134766,289,8.0,N,Asia/Kuala_Lumpur,airport,OurAirports
6771,Walaha Airport,Walaha,Vanuatu,WLH,NVSW,-15.4119997025,167.690994263,151,11.0,U,Pacific/Efate,airport,OurAirports
6772,Chaoyang Airport,Chaoyang,China,CHG,ZYCY,41.538101,120.434998,568,8.0,U,Asia/Shanghai,airport,OurAirports
6776,Sialkot Airport,Sialkot,Pakistan,SKT,OPST,32.5355567932,74.3638916016,837,5.0,N,Asia/Karachi,airport,OurAirports
6790,Hamadan Airport,Hamadan,Iran,HDM,OIHH,34.86920166015625,48.5525016784668,5755,3.5,E,Asia/Tehran,airport,OurAirports
6792,Grafton Airport,Grafton,Australia,GFN,YGFN,-29.7593994140625,153.02999877929688,110,10.0,U,Australia/Sydney,airport,OurAirports
6793,Orange Airport,Orange,Australia,OAG,YORG,-33.3816986084,149.132995605,3115,10.0,U,Australia/Sydney,airport,OurAirports
6794,Taree Airport,Taree,Australia,TRO,YTRE,-31.8885993958,152.514007568,38,10.0,U,Australia/Sydney,airport,OurAirports
6795,Choibalsan Airport,Choibalsan,Mongolia,COQ,ZMCD,48.13570022583008,114.64600372314452,2457,8.0,U,Asia/Ulaanbaatar,airport,OurAirports
6922,Kirensk Airport,Kirensk,Russia,KCK,UIKK,57.773,108.064,840,8.0,N,Asia/Irkutsk,airport,OurAirports
6924,Ust-Kut Airport,Ust-Kut,Russia,UKX,UITT,56.8567008972168,105.7300033569336,2188,8.0,N,Asia/Irkutsk,airport,OurAirports
6943,Gu-Lian Airport,Mohe County,China,OHE,ZYMH,52.912777777799995,122.43,1836,8.0,U,Asia/Shanghai,airport,OurAirports
6944,Jining Qufu Airport,Jining,China,JNG,ZLJN,35.292778,116.346667,134,8.0,U,Asia/Shanghai,airport,OurAirports
6946,Altay Air Base,Altay,China,AAT,ZWAT,47.7498855591,88.08580780030002,2460,8.0,U,Asia/Shanghai,airport,OurAirports
6949,Naypyidaw Airport,Naypyidaw,Burma,NYT,VYEL,19.623501,96.200996,302,6.5,U,Asia/Rangoon,airport,OurAirports
6954,Manzhouli Xijiao Airport,Manzhouli,China,NZH,ZBMZ,49.566667,117.33,2231,8.0,U,Asia/Shanghai,airport,OurAirports
6955,Wuhai Airport,Wuhai,China,WUA,ZBUH,39.7934,106.7993,3650,8.0,U,Asia/Shanghai,airport,OurAirports
6963,Tongren Fenghuang Airport,Tongren,China,TEN,ZUTR,27.883333,109.308889,0,8.0,U,Asia/Shanghai,airport,OurAirports
6964,Jinggangshan Airport,Jian,China,JGS,ZSJA,26.856899261499997,114.736999512,281,8.0,U,Asia/Shanghai,airport,OurAirports
6974,Siargao Airport,Siargao,Philippines,IAO,RPNS,9.8591,126.014,10,8.0,N,Asia/Manila,airport,OurAirports
7128,Toowoomba Airport,Toowoomba,Australia,TWB,YTWB,-27.542801,151.916,2086,10.0,N,Australia/Brisbane,airport,OurAirports
7456,Raivavae Airport,Raivavae,French Polynesia,RVV,NTAV,-23.8852005005,-147.662002563,7,-10.0,N,Pacific/Tahiti,airport,OurAirports
7457,Foshan Shadi Airport,Foshan,China,FUO,ZGFS,23.083299636799996,113.069999695,6,8.0,N,Asia/Shanghai,airport,OurAirports
7470,Ulgii Mongolei Airport,Olgii,Mongolia,ULG,ZMUL,48.9933013916,89.9225006104,5732,7.0,U,Asia/Hovd,airport,OurAirports
7472,Qurghonteppa International Airport,Kurgan Tyube,Tajikistan,KQT,UTDT,37.86640167236328,68.86470031738281,1473,5.0,U,Asia/Dushanbe,airport,OurAirports
7490,Al Najaf International Airport,Najaf,Iraq,NJF,ORNI,31.989853,44.404317,103,3.0,U,Asia/Baghdad,airport,OurAirports
7503,Fuyang Xiguan Airport,Fuyang,China,FUG,ZSFY,32.882157,115.734364,104,8.0,U,Asia/Shanghai,airport,OurAirports
7504,Longyan Guanzhishan Airport,Longyan,China,LCX,ZSLD,25.6746997833,116.747001648,1225,8.0,U,Asia/Shanghai,airport,OurAirports
7505,Baoshan Yunduan Airport,Baoshan,China,BSD,ZPBS,25.053301,99.168297,5453,8.0,U,Asia/Shanghai,airport,OurAirports
7506,Xingyi Airport,Xingyi,China,ACX,ZUYI,25.0863888889,104.959444444,4150,8.0,U,Asia/Shanghai,airport,OurAirports
7508,Liping Airport,Liping,China,HZH,ZUNP,26.32217,109.1499,1620,8.0,U,Asia/Shanghai,airport,OurAirports
7519,Zhijiang Airport,Zhijiang,China,HJJ,ZGCJ,27.4411111111,109.7,882,8.0,U,Asia/Shanghai,airport,OurAirports
7527,Lintsang Airfield,Lincang,China,LNJ,ZPLC,23.7381000519,100.025001526,6230,8.0,U,Asia/Shanghai,airport,OurAirports
7546,Persian Gulf International Airport,Khalije Fars,Iran,PGU,OIBP,27.379601,52.737701,27,3.5,U,Asia/Tehran,airport,OurAirports
7547,Yasouj Airport,Yasuj,Iran,YES,OISY,30.700500488281,51.545101165771,5939,3.5,U,Asia/Tehran,airport,OurAirports
7548,Mosul International Airport,Mosul,Iraq,OSM,ORBM,36.305801,43.1474,719,3.0,U,Asia/Baghdad,airport,OurAirports
7556,Donoi Airport,Uliastai,Mongolia,ULZ,ZMDN,47.7093,96.5258,5800,8.0,U,Asia/Ulaanbaatar,airport,OurAirports
7558,Ulaangom Airport,Ulaangom,Mongolia,ULO,ZMUG,50.066588,91.938273,0,7.0,U,Asia/Hovd,airport,OurAirports
7563,Kulob Airport,Kulyab,Tajikistan,TJU,UTDK,37.98809814453125,69.80500030517578,2293,5.0,U,Asia/Dushanbe,airport,OurAirports
7577,Ravensthorpe Airport,Ravensthorpe,Australia,RVT,YNRV,-33.7971992493,120.208000183,197,8.0,U,Australia/Perth,airport,OurAirports
7616,Ulawa Airport,Ulawa,Solomon Islands,RNA,AGAR,-9.86054358262,161.979546547,40,11.0,U,Pacific/Guadalcanal,airport,OurAirports
7617,Choiseul Bay Airport,Choiseul Bay,Solomon Islands,CHY,AGGC,-6.711944,156.396111,0,11.0,U,Pacific/Guadalcanal,airport,OurAirports
7618,Santa Ana Airport,Santa Ana,Solomon Islands,NNB,AGGT,-10.847994,162.454108,3,11.0,U,Pacific/Guadalcanal,airport,OurAirports
7774,Mysore Airport,Mysore,India,MYQ,VOMY,12.23,76.655833,2349,5.5,U,Asia/Calcutta,airport,OurAirports
7862,Tengchong Tuofeng Airport,Tengchong,China,TCZ,ZUTC,24.9380555556,98.4858333333,6250,8.0,N,Asia/Shanghai,airport,OurAirports
7894,Yushu Batang Airport,Yushu,China,YUS,ZYLS,32.836388888900004,97.0363888889,12816,8.0,U,Asia/Shanghai,airport,OurAirports
7898,Lianshui Airport,Huai An,China,HIA,ZSSH,33.7908333333,119.125,28,8.0,N,Asia/Shanghai,airport,OurAirports
7932,Ngari Gunsa Airport,Shiquanhe,China,NGQ,ZUAL,32.1,80.0530555556,14022,8.0,N,Asia/Shanghai,airport,OurAirports
8043,Zhongwei Shapotou Airport,Zhongwei,China,ZHY,ZLZW,37.573125,105.154454,8202,8.0,N,Asia/Shanghai,airport,OurAirports
8076,Al Maktoum International Airport,Dubai,United Arab Emirates,DWC,OMDW,24.896356,55.161389,114,4.0,U,Asia/Dubai,airport,OurAirports
8082,Baise Youjiang Airport,Baise,China,AEB,ZGBS,23.7206001282,106.959999084,490,8.0,N,Asia/Shanghai,airport,OurAirports
8340,Turukhansk Airport,Turukhansk,Russia,THX,UOTT,65.797203064,87.9353027344,128,7.0,N,Asia/Krasnoyarsk,airport,OurAirports
8341,Podkamennaya Tunguska Airport,Bor,Russia,TGP,UNIP,61.589699,89.994003,213,7.0,N,Asia/Krasnoyarsk,airport,OurAirports
8381,Majeed Bin Abdulaziz Airport,Al-Ula,Saudi Arabia,ULH,OEAO,26.48,38.1288888889,2050,3.0,N,Asia/Riyadh,airport,OurAirports
8401,Lombok International Airport,Praya,Indonesia,LOP,WADL,-8.757322,116.276675,319,8.0,N,Asia/Makassar,airport,OurAirports
8407,Handan Airport,Handan,China,HDG,ZBHD,36.5258333333,114.425555556,229,8.0,N,Asia/Shanghai,airport,OurAirports
8417,Jixi Xingkaihu Airport,Jixi,China,JXA,ZYJX,45.293,131.193,760,8.0,N,Asia/Shanghai,airport,OurAirports
8428,Beloyarskiy Airport,Beloyarsky,Russia,EYK,USHY,63.686901,66.698601,82,5.0,N,Asia/Yekaterinburg,airport,OurAirports
8630,Bayannur Tianjitai Airport,Bayannur,China,RLK,ZBYZ,40.926,107.7428,3400,8.0,U,Asia/Shanghai,airport,OurAirports
8740,Gorno-Altaysk Airport,Gorno-Altaysk,Russia,RGK,UNBG,51.9667015076,85.8332977295,965,7.0,N,Asia/Krasnoyarsk,airport,OurAirports
8746,Moma Airport,Honuu,Russia,MQJ,UEMA,66.450861,143.261551,656,11.0,N,Asia/Srednekolymsk,airport,OurAirports
8774,Lankaran International Airport,Lankaran,Azerbaijan,LLK,UBBL,38.746398925799994,48.8180007935,30,4.0,U,Asia/Baku,airport,OurAirports
8775,Gabala International Airport,Qabala,Azerbaijan,GBB,UBBQ,40.826667,47.7125,935,4.0,E,Asia/Baku,airport,OurAirports
8781,Qianjiang Wulingshan Airport,Qianjiang,China,JIQ,ZUQJ,29.5133333333,108.831111111,2075,8.0,N,Asia/Shanghai,airport,OurAirports
8826,Changbaishan Airport,Baishan,China,NBS,ZYBS,42.066944,127.602222,2874,8.0,N,Asia/Shanghai,airport,OurAirports
8845,Lingling Airport,Yongzhou,China,LLF,ZGLG,26.338661,111.610043,340,8.0,U,Asia/Shanghai,airport,OurAirports
8876,Yangzhou Taizhou Airport,Yangzhou,China,YTY,ZSYA,32.5634,119.7198,7,8.0,N,Asia/Shanghai,airport,OurAirports
8921,Kangding Airport,Kangding,China,KGT,ZUKD,30.1575,101.734722,14042,8.0,N,Asia/Shanghai,airport,OurAirports
8944,Bodaybo Airport,Bodaibo,Russia,ODO,UIKB,57.866100311299995,114.242996216,919,8.0,N,Asia/Irkutsk,airport,OurAirports
8949,Mattala Rajapaksa International Airport,Mattala,Sri Lanka,HRI,VCRI,6.284467,81.124128,157,5.5,N,Asia/Colombo,airport,OurAirports
8961,Sir Bani Yas Airport,Sir Bani Yas Island,United Arab Emirates,XSB,OMBY,24.283611,52.580278,25,4.0,U,Asia/Dubai,airport,OurAirports
8979,Jiagedaqi Airport,Jiagedaqi District,China,JGD,ZYJD,50.371389,124.1175,1205,8.0,N,Asia/Shanghai,airport,OurAirports
9025,Bijie Feixiong Airport,Bijie,China,BFJ,ZUBJ,27.267066,105.472097,4751,8.0,N,Asia/Shanghai,airport,OurAirports
9026,Lensk Airport,Lensk,Russia,ULK,UERL,60.7206001282,114.825996399,801,9.0,N,Asia/Yakutsk,airport,OurAirports
9090,Busselton Regional Airport,Brusselton,Australia,BQB,YBLN,-33.6884231567,115.401596069,55,8.0,O,Australia/Perth,airport,OurAirports
9107,Yichun Mingyueshan Airport,Yichun,China,YIC,ZSYC,27.8025,114.3062,430,8.0,U,Asia/Shanghai,airport,OurAirports
9229,Sigiriya Air Force Base,Sigiriya,Sri Lanka,GIU,VCCS,7.956669807430001,80.7285003662,630,5.5,N,Asia/Colombo,airport,OurAirports
9310,Daocheng Yading Airport,Daocheng,China,DCY,ZUDC,29.323056,100.053333,14472,8.0,N,Asia/Shanghai,airport,OurAirports
9311,Gannan Xiahe Airport,Xiahe city,China,GXH,ZLXH,34.8105,102.6447,10510,8.0,N,Asia/Shanghai,airport,OurAirports
9386,Xinyuan Nalati Airport,Xinyuan,China,NLT,ZWNL,43.4318,83.3786,3050,8.0,U,Asia/Shanghai,airport,OurAirports
9770,Zhangye Ganzhou Airport,Zhangye,China,YZY,ZLZY,38.8018989563,100.675003052,5280,8.0,N,Asia/Shanghai,airport,OurAirports
9843,Jiuhuashan Airport,Chizhou,China,JUH,ZSJH,30.7403,117.6856,60,8.0,N,Asia/Shanghai,airport,OurAirports
9844,Anshan Air Base,Anshan,China,AOG,ZYAS,41.105301,122.853996,0,8.0,N,Asia/Shanghai,airport,OurAirports
9845,Saertu Airport,Daqing,China,DQA,ZYDQ,46.7463888889,125.140555556,496,8.0,N,Asia/Shanghai,airport,OurAirports
9846,Zunyi Xinzhou Airport,Zunyi,China,ZYI,ZUZY,27.5895,107.0007,2920,8.0,N,Asia/Shanghai,airport,OurAirports
9848,Lindu Airport,Yinchun,China,LDS,ZYLD,47.7520555556,129.019125,791,8.0,N,Asia/Shanghai,airport,OurAirports
9849,Anshun Huangguoshu Airport,Anshun,China,AVA,ZUAS,26.2605555556,105.873333333,4812,8.0,N,Asia/Shanghai,airport,OurAirports
